,Time,AccelX,AccelY,AccelZ,AccelX_G,,,,,,,,,,,,,,,,,
63759,-2.526,-9.788,-0.123,0.039,-0.99877551,,,,,,,,,,,,,,,,,
63760,-2.501,-9.789,-0.124,-0.023,-0.998877551,,,,,,,,,,,,,,,,,
63761,-2.475,-9.786,-0.151,-0.008,-0.998571429,,,,,,,,,,,,,,,,,
63762,-2.45,-9.77,-0.104,0.087,-0.996938776,,,,,,,,,,,,,,,,,
63763,-2.426,-9.785,-0.112,0.097,-0.998469388,,,,,,,,,,,,,,,,,
63764,-2.401,-9.79,-0.198,0.094,-0.998979592,,,,,,,,,,,,,,,,,
63765,-2.376,-9.778,-0.268,0.015,-0.997755102,,,,,,,,,,,,,,,,,
63766,-2.35,-9.757,-0.399,0.107,-0.995612245,,,,,,,,,,,,,,,,,
63767,-2.326,-9.807,-0.368,0.169,-1.000714286,,,,,,,,,,,,,,,,,
63768,-2.3,-9.809,-0.229,0.098,-1.000918367,,,,,,,,,,,,,,,,,
63769,-2.276,-9.759,-0.101,0.024,-0.995816327,,,,,,,,,,,,,,,,,
63770,-2.251,-9.747,-0.15,-0.065,-0.994591837,,,,,,,,,,,,,,,,,
63771,-2.226,-9.787,-0.193,-0.015,-0.998673469,,,,,,,,,,,,,,,,,
63772,-2.2,-9.788,-0.203,0.049,-0.99877551,,,,,,,,,,,,,,,,,
63773,-2.176,-9.807,-0.081,0.098,-1.000714286,,,,,,,,,,,,,,,,,
63774,-2.15,-9.774,-0.077,-0.014,-0.997346939,,,,,,,,,,,,,,,,,
63775,-2.126,-9.785,-0.16,-0.125,-0.998469388,,,,,,,,,,,,,,,,,
63776,-2.1,-9.799,-0.172,-0.069,-0.999897959,,,,,,,,,,,,,,,,,
63777,-2.076,-9.782,-0.149,-0.01,-0.998163265,,,,,,,,,,,,,,,,,
63778,-2.051,-9.792,-0.061,0.057,-0.999183673,,,,,,,,,,,,,,,,,2.18
63779,-2.026,-9.758,-0.099,0.021,-0.995714286,,,,,,,,,,,,,,,,,
63780,-2,-9.794,-0.103,-0.042,-0.999387755,,,,,,,,,,,,,,,4.76,Time to 0G,
63781,-1.975,-9.781,-0.162,-0.029,-0.998061224,,,,,,,,,,,,,,,,,
63782,-1.95,-9.786,-0.077,0.006,-0.998571429,,,,,,,,,,,,,,,4.48,Time back to -1G,
63783,-1.926,-9.78,-0.104,0.129,-0.997959184,,,,,,,,,,,,,,,,,
63784,-1.9,-9.781,-0.105,0.055,-0.998061224,,,,,,,,,,,,,,,,,
63785,-1.876,-9.783,-0.249,0.039,-0.998265306,,,,,,,,,,,,,,,1.12,"""-1G to sep charge""",
63786,-1.85,-9.78,-0.254,0,-0.997959184,,,,,,,,,,,,,,,,,
63787,-1.825,-9.771,-0.231,0.082,-0.997040816,,,,,,,,,,,,,,,2.1,Increasing acceleration,
63788,-1.801,-9.79,-0.259,0.148,-0.998979592,,,,,,,,,,,,,,,,,
63789,-1.776,-9.794,-0.266,0.071,-0.999387755,,,,,,,,,,,,,,,,,
63790,-1.75,-9.805,-0.237,0.001,-1.000510204,,,,,,,,,,,,,,,,,
63791,-1.725,-9.77,-0.175,-0.023,-0.996938776,,,,,,,,,,,,,,,,,
63792,-1.7,-9.8,-0.23,0.106,-1,,,,,,,,,,,,,,,,,
63793,-1.676,-9.805,-0.191,0.079,-1.000510204,,,,,,,,,,,,,,,,,
63794,-1.65,-9.794,-0.206,0.042,-0.999387755,,,,,,,,,,,,,,,,,
63795,-1.626,-9.775,-0.18,-0.078,-0.99744898,,,,,,,,,,,,,,,,,
63796,-1.6,-9.777,-0.228,-0.015,-0.997653061,,,,,,,,,,,,,,,,,
63797,-1.576,-9.788,-0.196,0.006,-0.99877551,,,,,,,,,,,,,,,,,
63798,-1.55,-9.786,-0.144,0.047,-0.998571429,,,,,,,,,,,,,,,,,
63799,-1.526,-9.791,-0.062,-0.021,-0.999081633,,,,,,,,,,,,,,,,,
63800,-1.5,-9.785,-0.116,-0.063,-0.998469388,,,,,,,,,,,,,,,,,
63801,-1.475,-9.775,-0.097,-0.033,-0.99744898,,,,,,,,,,,,,,,,,
63802,-1.45,-9.796,-0.094,0.044,-0.999591837,,,,,,,,,,,,,,,,,
63803,-1.425,-9.787,-0.046,0.082,-0.998673469,,,,,,,,,,,,,,,,,
63804,-1.4,-9.788,-0.069,0.046,-0.99877551,,,,,,,,,,,,,,,,,
63805,-1.376,-9.815,-0.142,-0.037,-1.001530612,,,,,,,,,,,,,,,,,
63806,-1.35,-9.775,-0.132,0.005,-0.99744898,,,,,,,,,,,,,,,,,
63807,-1.326,-9.811,-0.119,0.065,-1.001122449,,,,,,,,,,,,,,,,,
63808,-1.3,-9.792,-0.1,0.107,-0.999183673,,,,,,,,,,,,,,,,,
63809,-1.276,-9.787,-0.238,0.065,-0.998673469,,,,,,,,,,,,,,,,,
63810,-1.25,-9.785,-0.26,-0.012,-0.998469388,,,,,,,,,,,,,,,,,
63811,-1.225,-9.761,-0.393,0.003,-0.996020408,,,,,,,,,,,,,,,,,
63812,-1.2,-9.799,-0.334,0.071,-0.999897959,,,,,,,,,,,,,,,,,
63813,-1.176,-9.804,-0.266,0.156,-1.000408163,,,,,,,,,,,,,,,,,
63814,-1.15,-9.774,-0.209,0.03,-0.997346939,,,,,,,,,,,,,,,,,
63815,-1.125,-9.782,-0.16,-0.078,-0.998163265,,,,,,,,,,,,,,,,,
63816,-1.1,-9.783,-0.159,-0.079,-0.998265306,,,,,,,,,,,,,,,,,
63817,-1.075,-9.787,-0.149,0.022,-0.998673469,,,,,,,,,,,,,,,,,
63818,-1.05,-9.773,-0.149,0.092,-0.997244898,,,,,,,,,,,,,,,,,
63819,-1.025,-9.776,-0.125,0.024,-0.99755102,,,,,,,,,,,,,,,,,
63820,-1,-9.785,-0.17,-0.088,-0.998469388,,,,,,,,,,,,,,,,,
63821,-0.975,-9.779,-0.124,-0.059,-0.997857143,,,,,,,,,,,,,,,,,
63822,-0.95,-9.79,-0.167,0.092,-0.998979592,,,,,,,,,,,,,,,,,
63823,-0.925,-9.803,-0.058,0.11,-1.000306122,,,,,,,,,,,,,,,,,
63824,-0.9,-9.787,-0.045,0.018,-0.998673469,,,,,,,,,,,,,,,,,
63825,-0.875,-9.768,-0.078,-0.064,-0.996734694,,,,,,,,,,,,,,,,,
63826,-0.85,-9.792,-0.166,0.015,-0.999183673,,,,,,,,,,,,,,,,,
63827,-0.825,-9.773,-0.166,0.135,-0.997244898,,,,,,,,,,,,,,,,,
63828,-0.8,-9.782,-0.096,0.121,-0.998163265,,,,,,,,,,,,,,,,,
63829,-0.775,-9.767,-0.057,0.03,-0.996632653,,,,,,,,,,,,,,,,,
63830,-0.75,-9.791,-0.2,-0.022,-0.999081633,,,,,,,,,,,,,,,,,
63831,-0.725,-9.796,-0.238,0.006,-0.999591837,,,,,,,,,,,,,,,,,
63832,-0.7,-9.807,-0.251,0.099,-1.000714286,,,,,,,,,,,,,,,,,
63833,-0.675,-9.79,-0.296,0.113,-0.998979592,,,,,,,,,,,,,,,,,
63834,-0.65,-9.783,-0.403,0.057,-0.998265306,,,,,,,,,,,,,,,,,
63835,-0.625,-9.777,-0.407,0.034,-0.997653061,,,,,,,,,,,,,,,,,
63836,-0.6,-9.78,-0.209,-0.06,-0.997959184,,,,,,,,,,,,,,,,,
63837,-0.575,-9.777,0.006,-0.015,-0.997653061,,,,,,,,,,,,,,,,,
63838,-0.55,-9.773,-0.071,0.057,-0.997244898,,,,,,,,,,,,,,,,,
63839,-0.525,-9.775,-0.255,0.059,-0.99744898,,,,,,,,,,,,,,,,,
63840,-0.5,-9.765,-0.189,-0.052,-0.996428571,,,,,,,,,,,,,,,,,
63841,-0.475,-9.784,-0.066,-0.063,-0.998367347,,,,,,,,,,,,,,,,,
63842,-0.45,-9.778,-0.008,0.009,-0.997755102,,,,,,,,,,,,,,,,,
63843,-0.425,-9.817,-0.172,0.078,-1.001734694,,,,,,,,,,,,,,,,,
63844,-0.4,-9.77,-0.194,0.044,-0.996938776,,,,,,,,,,,,,,,,,
63845,-0.375,-9.785,-0.116,-0.021,-0.998469388,,,,,,,,,,,,,,,,,
63846,-0.35,-9.799,-0.031,-0.031,-0.999897959,,,,,,,,,,,,,,,,,
63847,-0.325,-9.792,-0.134,0.016,-0.999183673,,,,,,,,,,,,,,,,,
63848,-0.3,-9.823,-0.206,0.127,-1.002346939,,,,,,,,,,,,,,,,,
63849,-0.275,-9.777,-0.149,0.066,-0.997653061,,,,,,,,,,,,,,,,,
63850,-0.25,-9.772,-0.101,-0.04,-0.997142857,,,,,,,,,,,,,,,,,
63851,-0.225,-9.784,-0.156,-0.008,-0.998367347,,,,,,,,,,,,,,,,,
63852,-0.2,-9.788,-0.257,0.066,-0.99877551,,,,,,,,,,,,,,,,,
63853,-0.175,-9.775,-0.2,0.081,-0.99744898,,,,,,,,,,,,,,,,,
63854,-0.15,-9.761,-0.236,0.013,-0.996020408,,,,,,,,,,,,,,,,,
63855,-0.125,-9.734,-0.203,0,-0.993265306,,,,,,,,,,,,,,,,,
63856,-0.1,-9.804,-0.286,0.068,-1.000408163,,,,,,,,,,,,,,,,,
63857,-0.075,-9.765,-0.273,0.031,-0.996428571,,,,,,,,,,,,,,,,,
63858,-0.05,-9.828,-0.181,0.093,-1.002857143,,,,,,,,,,,,,,,,,
63859,-0.025,-9.874,-0.281,0.077,-1.00755102,,,,,,,,,,,,,,,,,
63860,0,-11.614,-0.508,0.217,-1.185102041,,,,,,,,,,,,,,,,,
63861,0.025,-44.943,-2.362,1.37,-4.586020408,,,,,,,,,,,,,,,,,
63862,0.05,-40.855,2.798,-0.69,-4.168877551,,,,,,,,,,,,,,,,,
63863,0.075,-49.362,0.283,-1.504,-5.036938776,,,,,,,,,,,,,,,,,
63864,0.1,-55.938,-1.664,-1.244,-5.707959184,,,,,,,,,,,,,,,,,
63865,0.125,-61.798,1.124,1.814,-6.305918367,,,,,,,,,,,,,,,,,
63866,0.15,-66.015,-2.045,1.303,-6.73622449,,,,,,,,,,,,,,,,,
63867,0.175,-66.378,1.237,0.461,-6.773265306,,,,,,,,,,,,,,,,,
63868,0.2,-68.524,1.064,2.826,-6.992244898,,,,,,,,,,,,,,,,,
63869,0.225,-73.331,-3.05,7.124,-7.482755102,,,,,,,,,,,,,,,,,
63870,0.25,-68.283,2.814,2.154,-6.967653061,,,,,,,,,,,,,,,,,
63871,0.275,-69.343,3.41,3.415,-7.075816327,,,,,,,,,,,,,,,,,
63872,0.3,-67.769,4.998,2.483,-6.915204082,,,,,,,,,,,,,,,,,
63873,0.325,-67.959,1.847,2.503,-6.934591837,,,,,,,,,,,,,,,,,
63874,0.35,-63.341,-0.07,4.314,-6.463367347,,,,,,,,,,,,,,,,,
63875,0.375,-67.896,1.766,-1.127,-6.928163265,,,,,,,,,,,,,,,,,
63876,0.4,-67.409,-0.082,-1.135,-6.878469388,,,,,,,,,,,,,,,,,
63877,0.425,-69.159,2.107,0.45,-7.057040816,,,,,,,,,,,,,,,,,
63878,0.45,-70.689,-0.493,0.213,-7.213163265,,,,,,,,,,,,,,,,,
63879,0.475,-71.364,1.712,1.349,-7.282040816,,,,,,,,,,,,,,,,,
63880,0.5,-72.36,0.206,-0.299,-7.383673469,,,,,,,,,,,,,,,,,
63881,0.525,-72.561,-0.673,-2.14,-7.404183673,,,,,,,,,,,,,,,,,
63882,0.55,-73.57,-0.209,0.629,-7.507142857,,,,,,,,,,,,,,,,,
63883,0.575,-73.792,-0.539,-0.914,-7.529795918,,,,,,,,,,,,,,,,,
63884,0.6,-75.599,-0.235,-1.353,-7.714183673,,,,,,,,,,,,,,,,,
63885,0.625,-75.672,-0.059,-0.248,-7.721632653,,,,,,,,,,,,,,,,,
63886,0.65,-75.556,-0.528,-1.169,-7.709795918,,,,,,,,,,,,,,,,,
63887,0.675,-76.735,-0.054,-1.113,-7.830102041,,,,,,,,,,,,,,,,,
63888,0.7,-78.11,0.123,-0.533,-7.970408163,,,,,,,,,,,,,,,,,
63889,0.725,-78.073,-0.162,-0.902,-7.966632653,,,,,,,,,,,,,,,,,
63890,0.75,-78.619,-0.443,-1.162,-8.022346939,,,,,,,,,,,,,,,,,
63891,0.775,-79.089,-0.415,-0.912,-8.070306122,,,,,,,,,,,,,,,,,
63892,0.8,-79.541,-0.459,-0.981,-8.116428571,,,,,,,,,,,,,,,,,
63893,0.825,-78.978,-0.257,-1.468,-8.058979592,,,,,,,,,,,,,,,,,
63894,0.85,-79.926,-0.303,-1.008,-8.155714286,,,,,,,,,,,,,,,,,
63895,0.875,-81.172,-0.581,-0.897,-8.282857143,,,,,,,,,,,,,,,,,
63896,0.9,-81.394,-0.556,-1.233,-8.305510204,,,,,,,,,,,,,,,,,
63897,0.925,-82.28,-0.638,-0.843,-8.395918367,,,,,,,,,,,,,,,,,
63898,0.95,-82.277,-0.447,-0.995,-8.395612245,,,,,,,,,,,,,,,,,
63899,0.975,-82.962,-0.531,-0.975,-8.465510204,,,,,,,,,,,,,,,,,
63900,1,-83.995,-0.919,-1,-8.570918367,,,,,,,,,,,,,,,,,
63901,1.025,-83.933,-1.604,-1.159,-8.564591837,,,,,,,,,,,,,,,,,
63902,1.05,-85.084,-0.997,-1.115,-8.682040816,,,,,,,,,,,,,,,,,
63903,1.075,-84.673,-0.704,-1.265,-8.640102041,,,,,,,,,,,,,,,,,
63904,1.1,-84.964,-0.848,-1.2,-8.669795918,,,,,,,,,,,,,,,,,
63905,1.125,-85.147,-0.883,-1.14,-8.688469388,,,,,,,,,,,,,,,,,
63906,1.15,-85.705,-0.675,-1.444,-8.745408163,,,,,,,,,,,,,,,,,
63907,1.175,-85.967,-0.763,-1.687,-8.772142857,,,,,,,,,,,,,,,,,
63908,1.2,-87.036,-0.62,-1.534,-8.88122449,,,,,,,,,,,,,,,,,
63909,1.225,-88.922,-0.492,-1.407,-9.073673469,,,,,,,,,,,,,,,,,
63910,1.25,-90.716,-0.745,-1.015,-9.256734694,,,,,,,,,,,,,,,,,
63911,1.275,-88.948,-0.838,-2.069,-9.076326531,,,,,,,,,,,,,,,,,
63912,1.3,-88.024,-0.554,-1.396,-8.982040816,,,,,,,,,,,,,,,,,
63913,1.325,-88.87,0.133,-1.551,-9.068367347,,,,,,,,,,,,,,,,,
63914,1.35,-89.571,0.528,-1.403,-9.139897959,,,,,,,,,,,,,,,,,
63915,1.375,-90.292,0.44,-1.276,-9.213469388,,,,,,,,,,,,,,,,,
63916,1.4,-90.789,0.804,-1.874,-9.264183673,,,,,,,,,,,,,,,,,
63917,1.425,-90.951,0.984,-2.38,-9.280714286,,,,,,,,,,,,,,,,,
63918,1.45,-91.264,1.317,-2.151,-9.312653061,,,,,,,,,,,,,,,,,
63919,1.475,-91.65,1.587,-1.029,-9.352040816,,,,,,,,,,,,,,,,,
63920,1.5,-91.552,1.531,-0.984,-9.342040816,,,,,,,,,,,,,,,,,
63921,1.525,-91.834,1.323,-1.847,-9.370816327,,,,,,,,,,,,,,,,,
63922,1.55,-92.466,1.056,-0.729,-9.435306122,,,,,,,,,,,,,,,,,
63923,1.575,-93.171,1.732,-0.13,-9.507244898,,,,,,,,,,,,,,,,,
63924,1.6,-93.562,1.521,-0.224,-9.547142857,,,,,,,,,,,,,,,,,
63925,1.625,-93.889,2.032,-0.152,-9.580510204,,,,,,,,,,,,,,,,,
63926,1.65,-94.303,2.027,-0.152,-9.622755102,,,,,,,,,,,,,,,,,
63927,1.675,-94.838,1.759,0.016,-9.677346939,,,,,,,,,,,,,,,,,
63928,1.7,-95.487,3.083,0.87,-9.743571429,,,,,,,,,,,,,,,,,
63929,1.725,-95.409,3.259,-0.045,-9.735612245,,,,,,,,,,,,,,,,,
63930,1.75,-95.226,3.08,0.09,-9.716938776,,,,,,,,,,,,,,,,,
63931,1.775,-95.214,3.244,0.748,-9.715714286,,,,,,,,,,,,,,,,,
63932,1.8,-95.161,3.369,1.159,-9.710306122,,,,,,,,,,,,,,,,,
63933,1.825,-96.248,3.533,1.275,-9.82122449,,,,,,,,,,,,,,,,,
63934,1.85,-95.648,3.488,1.701,-9.76,,,,,,,,,,,,,,,,,
63935,1.875,-96.631,3.596,1.406,-9.860306122,,,,,,,,,,,,,,,,,
63936,1.9,-96.068,3.094,1.449,-9.802857143,,,,,,,,,,,,,,,,,
63937,1.925,-96.94,2.859,1.437,-9.891836735,,,,,,,,,,,,,,,,,
63938,1.95,-97.753,2.527,1.086,-9.974795918,,,,,,,,,,,,,,,,,
63939,1.975,-97.494,2.286,0.881,-9.948367347,,,,,,,,,,,,,,,,,
63940,2,-99.541,2.632,1.105,-10.1572449,,,,,,,,,,,,,,,,,
63941,2.025,-100.151,0.452,1.185,-10.2194898,,,,,,,,,,,,,,,,,
63942,2.05,-98.444,0.808,-0.21,-10.04530612,,,,,,,,,,,,,,,,,
63943,2.075,-98.603,1.795,0.353,-10.06153061,,,,,,,,,,,,,,,,,
63944,2.1,-97.871,2.793,-0.197,-9.986836735,,,,,,,,,,,,,,,,,
63945,2.125,-98.19,2.001,-0.45,-10.01938776,,,,,,,,,,,,,,,,,
63946,2.15,-99.144,1.778,0.477,-10.11673469,,,,,,,,,,,,,,,,,
63947,2.175,-99.08,2.645,-0.171,-10.11020408,,,,,,,,,,,,,,,,,
63948,2.2,-99.506,1.86,-0.622,-10.15367347,,,,,,,,,,,,,,,,,
63949,2.225,-99.91,2.634,1.004,-10.19489796,,,,,,,,,,,,,,,,,
63950,2.25,-100.646,2.988,1.747,-10.27,,,,,,,,,,,,,,,,,
63951,2.275,-100.512,2.941,0.654,-10.25632653,,,,,,,,,,,,,,,,,
63952,2.3,-100.608,3.212,1.326,-10.26612245,,,,,,,,,,,,,,,,,
63953,2.325,-100.909,3.455,2.215,-10.29683673,,,,,,,,,,,,,,,,,
63954,2.35,-101.525,4.278,1.417,-10.35969388,,,,,,,,,,,,,,,,,
63955,2.375,-101.179,3.703,1.625,-10.32438776,,,,,,,,,,,,,,,,,
63956,2.4,-101.823,3.644,1.714,-10.39010204,,,,,,,,,,,,,,,,,
63957,2.425,-101.839,3.688,2.252,-10.39173469,,,,,,,,,,,,,,,,,
63958,2.45,-102.28,4.183,2.635,-10.43673469,,,,,,,,,,,,,,,,,
63959,2.475,-103.786,2.296,2.171,-10.59040816,,,,,,,,,,,,,,,,,
63960,2.5,-102.163,4.128,1.547,-10.42479592,,,,,,,,,,,,,,,,,
63961,2.525,-102.307,3.618,1.344,-10.4394898,,,,,,,,,,,,,,,,,
63962,2.55,-102.368,2.862,0.346,-10.44571429,,,,,,,,,,,,,,,,,
63963,2.575,-102.199,2.764,0.677,-10.42846939,,,,,,,,,,,,,,,,,
63964,2.6,-101.905,2.978,1.932,-10.39846939,,,,,,,,,,,,,,,,,
63965,2.625,-102.963,2.736,4.571,-10.50642857,,,,,,,,,,,,,,,,,
63966,2.65,-102.283,2.81,1.945,-10.43704082,,,,,,,,,,,,,,,,,
63967,2.675,-102.507,3.348,-0.818,-10.45989796,,,,,,,,,,,,,,,,,
63968,2.7,-102.196,3.508,1.806,-10.42816327,,,,,,,,,,,,,,,,,
63969,2.725,-102.89,3.156,2.642,-10.49897959,,,,,,,,,,,,,,,,,
63970,2.75,-105.447,3.938,1.848,-10.75989796,,,,,,,,,,,,,,,,,
63971,2.775,-106.603,2.909,2.312,-10.87785714,,,,,,,,,,,,,,,,,
63972,2.8,-103.433,4.909,4.477,-10.55438776,,,,,,,,,,,,,,,,,
63973,2.825,-101.936,3.8,4.214,-10.40163265,,,,,,,,,,,,,,,,,
63974,2.85,-101.914,3.423,3.997,-10.39938776,,,,,,,,,,,,,,,,,
63975,2.875,-102.194,2.935,2.75,-10.42795918,,,,,,,,,,,,,,,,,
63976,2.9,-101.585,5.857,4.594,-10.36581633,,,,,,,,,,,,,,,,,
63977,2.925,-103.022,5.747,4.681,-10.51244898,,,,,,,,,,,,,,,,,
63978,2.95,-101.155,6.714,5.265,-10.32193878,,,,,,,,,,,,,,,,,
63979,2.975,-99.228,5.817,4.591,-10.12530612,,,,,,,,,,,,,,,,,
63980,3,-98.829,6.243,5.344,-10.08459184,,,,,,,,,,,,,,,,,
63981,3.025,-99.391,5.078,4.126,-10.14193878,,,,,,,,,,,,,,,,,
63982,3.05,-97.068,6.215,2.594,-9.904897959,,,,,,,,,,,,,,,,,
63983,3.075,-96.479,6.651,3.914,-9.844795918,,,,,,,,,,,,,,,,,
63984,3.1,-95.498,5.769,5.429,-9.744693878,,,,,,,,,,,,,,,,,
63985,3.125,-96.277,6.594,6.12,-9.824183673,,,,,,,,,,,,,,,,,
63986,3.15,-95.211,6.756,4.317,-9.715408163,,,,,,,,,,,,,,,,,
63987,3.175,-99.316,5.077,4.346,-10.13428571,,,,,,,,,,,,,,,,,
63988,3.2,-93.039,6.345,1.505,-9.49377551,,,,,,,,,,,,,,,,,
63989,3.225,-91.689,6.599,2.416,-9.356020408,,,,,,,,,,,,,,,,,
63990,3.25,-91.46,4.821,3.232,-9.332653061,,,,,,,,,,,,,,,,,
63991,3.275,-91.169,5.697,3.676,-9.302959184,,,,,,,,,,,,,,,,,
63992,3.3,-90.845,4.36,3.708,-9.269897959,,,,,,,,,,,,,,,,,
63993,3.325,-90.886,4.077,6.092,-9.274081633,,,,,,,,,,,,,,,,,
63994,3.35,-94.766,8.186,3.803,-9.67,,,,,,,,,,,,,,,,,
63995,3.375,-91.791,6.16,2.898,-9.366428571,,,,,,,,,,,,,,,,,
63996,3.4,-88.388,6.51,1.788,-9.019183673,,,,,,,,,,,,,,,,,
63997,3.425,-87.292,6.045,4.014,-8.907346939,,,,,,,,,,,,,,,,,
63998,3.45,-86.349,5.834,5.033,-8.811122449,,,,,,,,,,,,,,,,,
63999,3.475,-85.039,4.647,5.359,-8.67744898,,,,,,,,,,,,,,,,,
64000,3.5,-85.582,7.341,4.698,-8.732857143,,,,,,,,,,,,,,,,,
64001,3.525,-84.865,4.145,5.857,-8.659693878,,,,,,,,,,,,,,,,,
64002,3.55,-87.616,5.227,5.655,-8.940408163,,,,,,,,,,,,,,,,,
64003,3.575,-82.973,5.16,7.551,-8.466632653,,,,,,,,,,,,,,,,,
64004,3.6,-82.695,5.882,7.713,-8.438265306,,,,,,,,,,,,,,,,,
64005,3.625,-82.382,7.294,7.355,-8.406326531,,,,,,,,,,,,,,,,,
64006,3.65,-81.57,3.816,6.148,-8.323469388,,,,,,,,,,,,,,,,,
64007,3.675,-80.35,5.308,6.646,-8.198979592,,,,,,,,,,,,,,,,,
64008,3.7,-78.711,6.454,5.85,-8.031734694,,,,,,,,,,,,,,,,,
64009,3.725,-77.683,6.19,5.92,-7.926836735,,,,,,,,,,,,,,,,,
64010,3.75,-76.597,6.778,4.49,-7.816020408,,,,,,,,,,,,,,,,,
64011,3.775,-76.557,7.964,5.723,-7.811938776,,,,,,,,,,,,,,,,,
64012,3.8,-75.838,6.775,7.783,-7.738571429,,,,,,,,,,,,,,,,,
64013,3.825,-75.533,7.707,7.9,-7.70744898,,,,,,,,,,,,,,,,,
64014,3.85,-73.097,8.558,9.349,-7.458877551,,,,,,,,,,,,,,,,,
64015,3.875,-75.957,8.515,7.899,-7.750714286,,,,,,,,,,,,,,,,,
64016,3.9,-72.633,7.604,7.822,-7.411530612,,,,,,,,,,,,,,,,,
64017,3.925,-70.784,5.996,7.064,-7.222857143,,,,,,,,,,,,,,,,,
64018,3.95,-69.806,6.368,7.156,-7.123061224,,,,,,,,,,,,,,,,,
64019,3.975,-69.383,5.636,7.079,-7.079897959,,,,,,,,,,,,,,,,,
64020,4,-67.507,6.349,7.153,-6.888469388,,,,,,,,,,,,,,,,,
64021,4.025,-67.873,6.191,8.253,-6.925816327,,,,,,,,,,,,,,,,,
64022,4.05,-65.823,5.512,7.475,-6.716632653,,,,,,,,,,,,,,,,,
64023,4.075,-67.225,5.596,8.766,-6.859693878,,,,,,,,,,,,,,,,,
64024,4.1,-64.505,3.886,9.507,-6.582142857,,,,,,,,,,,,,,,,,
64025,4.125,-62.589,6.435,6.523,-6.386632653,,,,,,,,,,,,,,,,,
64026,4.15,-61.787,5.996,7.371,-6.304795918,,,,,,,,,,,,,,,,,
64027,4.175,-60.158,6.896,7.447,-6.138571429,,,,,,,,,,,,,,,,,
64028,4.2,-59.508,6.624,6.237,-6.072244898,,,,,,,,,,,,,,,,,
64029,4.225,-59.293,7.399,6.981,-6.050306122,,,,,,,,,,,,,,,,,
64030,4.25,-59.413,5.237,11.26,-6.06255102,,,,,,,,,,,,,,,,,
64031,4.275,-55.835,5.64,6.177,-5.69744898,,,,,,,,,,,,,,,,,
64032,4.3,-54.921,6.02,5.705,-5.604183673,,,,,,,,,,,,,,,,,
64033,4.325,-54.824,9.933,7.526,-5.594285714,,,,,,,,,,,,,,,,,
64034,4.35,-54.847,9.377,8.009,-5.596632653,,,,,,,,,,,,,,,,,
64035,4.375,-53.587,9.178,8.149,-5.468061224,,,,,,,,,,,,,,,,,
64036,4.4,-52.261,7.994,8.101,-5.332755102,,,,,,,,,,,,,,,,,
64037,4.425,-49.978,7.143,7.742,-5.099795918,,,,,,,,,,,,,,,,,
64038,4.45,-49.406,5.395,8.033,-5.041428571,,,,,,,,,,,,,,,,,
64039,4.475,-48.084,6.055,7.064,-4.906530612,,,,,,,,,,,,,,,,,
64040,4.5,-47.405,6.163,7.495,-4.837244898,,,,,,,,,,,,,,,,,
64041,4.525,-46.087,4.999,8.105,-4.702755102,,,,,,,,,,,,,,,,,
64042,4.55,-45.084,5.61,8.123,-4.600408163,,,,,,,,,,,,,,,,,
64043,4.575,-44.632,5.824,8.924,-4.554285714,,,,,,,,,,,,,,,,,
64044,4.6,-43.435,6.621,10.749,-4.432142857,,,,,,,,,,,,,,,,,
64045,4.625,-43.498,7.18,9.345,-4.438571429,,,,,,,,,,,,,,,,,
64046,4.65,-41.765,7.331,7.986,-4.261734694,,,,,,,,,,,,,,,,,
64047,4.675,-40.197,6.882,9.138,-4.101734694,,,,,,,,,,,,,,,,,
64048,4.7,-39.575,6.256,9.088,-4.038265306,,,,,,,,,,,,,,,,,
64049,4.725,-38.935,7.577,7.695,-3.972959184,,,,,,,,,,,,,,,,,
64050,4.75,-37.209,7.59,6.248,-3.796836735,,,,,,,,,,,,,,,,,
64051,4.775,-36.914,7.737,9.403,-3.766734694,,,,,,,,,,,,,,,,,
64052,4.8,-34.937,8.47,9.685,-3.565,,,,,,,,,,,,,,,,,
64053,4.825,-34.409,8.185,9.408,-3.511122449,,,,,,,,,,,,,,,,,
64054,4.85,-33.141,11.003,6.881,-3.381734694,,,,,,,,,,,,,,,,,
64055,4.875,-33.227,8.607,8.633,-3.390510204,,,,,,,,,,,,,,,,,
64056,4.9,-33.054,8.209,10.521,-3.372857143,,,,,,,,,,,,,,,,,
64057,4.925,-31.497,7.024,10.118,-3.213979592,,,,,,,,,,,,,,,,,
64058,4.95,-30.541,6.322,9.37,-3.116428571,,,,,,,,,,,,,,,,,
64059,4.975,-30.569,7.82,11.458,-3.119285714,,,,,,,,,,,,,,,,,
64060,5,-28.42,6.444,11.007,-2.9,,,,,,,,,,,,,,,,,
64061,5.025,-28.035,8.303,9.319,-2.860714286,,,,,,,,,,,,,,,,,
64062,5.05,-27.273,7.474,9.789,-2.782959184,,,,,,,,,,,,,,,,,
64063,5.075,-25.975,7.908,9.803,-2.650510204,,,,,,,,,,,,,,,,,
64064,5.1,-28.118,7.543,8.585,-2.869183673,,,,,,,,,,,,,,,,,
64065,5.125,-28.75,7.289,8.553,-2.933673469,,,,,,,,,,,,,,,,,
64066,5.15,-26.84,8.526,9.244,-2.73877551,,,,,,,,,,,,,,,,,
64067,5.175,-23.044,9.65,9.79,-2.351428571,,,,,,,,,,,,,,,,,
64068,5.2,-21.208,10.094,10.756,-2.164081633,,,,,,,,,,,,,,,,,
64069,5.225,-20.592,8.126,12.197,-2.10122449,,,,,,,,,,,,,,,,,
64070,5.25,-19.566,8.385,8.736,-1.996530612,,,,,,,,,,,,,,,,,
64071,5.275,-19.21,7.926,8.594,-1.960204082,,,,,,,,,,,,,,,,,
64072,5.3,-19.539,8.33,12.043,-1.99377551,,,,,,,,,,,,,,,,,
64073,5.325,-19.112,8.687,11.44,-1.950204082,,,,,,,,,,,,,,,,,
64074,5.35,-18.341,9.572,11.319,-1.871530612,,,,,,,,,,,,,,,,,
64075,5.375,-16.498,11.169,8.975,-1.683469388,,,,,,,,,,,,,,,,,
64076,5.4,-16.054,9.883,7.278,-1.638163265,,,,,,,,,,,,,,,,,
64077,5.425,-17.152,6.959,10.496,-1.750204082,,,,,,,,,,,,,,,,,
64078,5.45,-15.843,6.403,9.837,-1.616632653,,,,,,,,,,,,,,,,,
64079,5.475,-15.287,8.72,11.033,-1.559897959,,,,,,,,,,,,,,,,,
64080,5.5,-13.346,9.164,9.832,-1.361836735,,,,,,,,,,,,,,,,,
64081,5.525,-13.388,10.872,9.984,-1.366122449,,,,,,,,,,,,,,,,,
64082,5.55,-13.334,9.562,9.932,-1.360612245,,,,,,,,,,,,,,,,,
64083,5.575,-12.405,11.067,11.429,-1.265816327,,,,,,,,,,,,,,,,,
64084,5.6,-12.411,9.043,11.766,-1.266428571,,,,,,,,,,,,,,,,,
64085,5.625,-10.378,7.693,10.569,-1.058979592,,,,,,,,,,,,,,,,,
64086,5.65,-11.694,8.753,11.201,-1.193265306,,,,,,,,,,,,,,,,,
64087,5.675,-9.861,8.683,12.041,-1.00622449,,,,,,,,,,,,,,,,,
64088,5.7,-9.526,9.57,11.031,-0.972040816,,,,,,,,,,,,,,,,,
64089,5.725,-8.29,9.057,10.394,-0.845918367,,,,,,,,,,,,,,,,,
64090,5.75,-8.261,10.545,10.881,-0.842959184,,,,,,,,,,,,,,,,,
64091,5.775,-8.291,9.437,11.691,-0.846020408,,,,,,,,,,,,,,,,,
64092,5.8,-6.974,10.661,12.663,-0.711632653,,,,,,,,,,,,,,,,,
64093,5.825,-7.448,12.496,13.284,-0.76,,,,,,,,,,,,,,,,,
64094,5.85,-6.503,13.158,12.877,-0.663571429,,,,,,,,,,,,,,,,,
64095,5.875,-5.257,12.159,14.689,-0.536428571,,,,,,,,,,,,,,,,,
64096,5.9,-4.182,13.628,16.048,-0.426734694,,,,,,,,,,,,,,,,,
64097,5.925,-3.62,14.024,16.175,-0.369387755,,,,,,,,,,,,,,,,,
64098,5.95,-3.317,14.365,15.939,-0.338469388,,,,,,,,,,,,,,,,,
64099,5.975,-3.311,14.946,16.688,-0.337857143,,,,,,,,,,,,,,,,,
64100,6,-2.692,15.332,16.316,-0.274693878,,,,,,,,,,,,,,,,,
64101,6.025,-2.09,14.905,17.42,-0.213265306,,,,,,,,,,,,,,,,,
64102,6.05,-2.093,16.173,16.631,-0.213571429,,,,,,,,,,,,,,,,,
64103,6.075,-1.566,16.816,15.353,-0.159795918,,,,,,,,,,,,,,,,,
64104,6.1,-1.228,14.357,16.303,-0.125306122,,,,,,,,,,,,,,,,,
64105,6.125,-0.291,13.271,17.444,-0.029693878,,,,,,,,,,,,,,,,,
64106,6.15,0.564,14.231,17.784,0.05755102,,,,,,,,,,,,,,,,,
64107,6.175,1.097,14.491,16.725,0.111938776,,,,,,,,,,,,,,,,,
64108,6.2,1.551,14.867,15.028,0.158265306,,,,,,,,,,,,,,,,,
64109,6.225,1.024,15.207,15.976,0.104489796,,,,,,,,,,,,,,,,,
64110,6.25,1.176,14.225,15.461,0.12,,,,,,,,,,,,,,,,,
64111,6.275,1.091,12.546,16.922,0.111326531,,,,,,,,,,,,,,,,,
64112,6.3,2.122,11.853,16.907,0.216530612,,,,,,,,,,,,,,,,,
64113,6.325,1.936,13.36,15.97,0.19755102,,,,,,,,,,,,,,,,,
64114,6.35,2.237,14.198,15.585,0.228265306,,,,,,,,,,,,,,,,,
64115,6.375,2.892,13.476,16.925,0.295102041,,,,,,,,,,,,,,,,,
64116,6.4,3.63,14.784,17.901,0.370408163,,,,,,,,,,,,,,,,,
64117,6.425,3.771,15.917,16.34,0.384795918,,,,,,,,,,,,,,,,,
64118,6.45,4.294,16.666,15.753,0.438163265,,,,,,,,,,,,,,,,,
64119,6.475,5.863,14.937,17.189,0.598265306,,,,,,,,,,,,,,,,,
64120,6.5,7.279,15.09,17.675,0.742755102,,,,,,,,,,,,,,,,,
64121,6.525,7.051,13.577,17.67,0.719489796,,,,,,,,,,,,,,,,,
64122,6.55,11.384,15.67,15.91,1.161632653,,,,,,,,,,,,,,,,,
64123,6.575,11.982,15.322,17.564,1.222653061,,,,,,,,,,,,,,,,,
64124,6.6,12.438,16.356,16.598,1.269183673,,,,,,,,,,,,,,,,,
64125,6.625,13.596,17.349,17.239,1.387346939,,,,,,,,,,,,,,,,,
64126,6.65,10.945,15.054,17.667,1.116836735,,,,,,,,,,,,,,,,,
64127,6.675,14.752,18.123,17.183,1.505306122,,,,,,,,,,,,,,,,,
64128,6.7,15.064,16.561,19.265,1.537142857,,,,,,,,,,,,,,,,,
64129,6.725,13.631,16.521,17.278,1.390918367,,,,,,,,,,,,,,,,,
64130,6.75,16.456,16.712,17.634,1.679183673,,,,,,,,,,,,,,,,,
64131,6.775,18.497,17.222,18.66,1.88744898,,,,,,,,,,,,,,,,,
64132,6.8,17.117,15.885,18.171,1.746632653,,,,,,,,,,,,,,,,,
64133,6.825,18.837,16.655,17.866,1.922142857,,,,,,,,,,,,,,,,,
64134,6.85,20.608,17.456,19.084,2.102857143,,,,,,,,,,,,,,,,,
64135,6.875,22.742,17.169,19.156,2.320612245,,,,,,,,,,,,,,,,,
64136,6.9,20.994,16.851,18.526,2.142244898,,,,,,,,,,,,,,,,,
64137,6.925,21.249,17.276,18.963,2.168265306,,,,,,,,,,,,,,,,,
64138,6.95,22.946,18.473,18.737,2.341428571,,,,,,,,,,,,,,,,,
64139,6.975,24.951,22.149,19.009,2.546020408,,,,,,,,,,,,,,,,,
64140,7,24.611,19.054,18.876,2.511326531,,,,,,,,,,,,,,,,,
64141,7.025,-156.065,28.09,8.963,-15.925,,,,,,,,,,,,,,,,,
64142,7.05,43.589,28.925,38.757,4.447857143,,,,,,,,,,,,,,,,,
64143,7.075,58.928,56.28,31.388,6.013061224,,,,,,,,,,,,,,,,,
64144,7.1,71.774,103.126,26.336,7.323877551,,,,,,,,,,,,,,,,,
64145,7.125,90.527,148.143,-31.034,9.23744898,,,,,,,,,,,,,,,,,
64146,7.15,55.724,155.749,-152.567,5.686122449,,,,,,,,,,,,,,,,,
64147,7.175,45.674,155.771,-153.248,4.660612245,,,,,,,,,,,,,,,,,
64148,7.2,35.035,155.796,-153.248,3.575,,,,,,,,,,,,,,,,,
64149,7.225,10.313,155.855,-153.248,1.052346939,,,,,,,,,,,,,,,,,
64150,7.25,15.512,155.843,-153.248,1.582857143,,,,,,,,,,,,,,,,,
64151,7.275,-2.56,155.886,-153.247,-0.26122449,,,,,,,,,,,,,,,,,
64152,7.301,8.563,155.859,-153.247,0.87377551,,,,,,,,,,,,,,,,,
64153,7.325,7.863,156.004,-104.567,0.802346939,,,,,,,,,,,,,,,,,
64154,7.35,3.018,156.154,-57.261,0.307959184,,,,,,,,,,,,,,,,,
64155,7.375,63.31,156.008,-57.697,6.460204082,,,,,,,,,,,,,,,,,
64156,7.4,12.853,156.286,-4.016,1.311530612,,,,,,,,,,,,,,,,,
64157,7.425,110.702,128.113,4.269,11.29612245,,,,,,,,,,,,,,,,,
64158,7.45,12.856,14.926,-34.77,1.311836735,,,,,,,,,,,,,,,,,
64159,7.475,22.047,17.261,-36.57,2.249693878,,,,,,,,,,,,,,,,,
64160,7.5,21.459,-0.515,-5.295,2.189693878,,,,,,,,,,,,,,,,,
64161,7.525,17.938,-9.468,14.041,1.830408163,,,,,,,,,,,,,,,,,
64162,7.55,19.335,-19.08,40.028,1.972959184,,,,,,,,,,,,,,,,,
64163,7.575,19.705,-12.559,67.516,2.010714286,,,,,,,,,,,,,,,,,
64164,7.6,18.042,17.79,96.001,1.841020408,,,,,,,,,,,,,,,,,
64165,7.625,21.036,74.587,103.399,2.146530612,,,,,,,,,,,,,,,,,
64166,7.65,18.432,139.789,62.022,1.880816327,,,,,,,,,,,,,,,,,
64167,7.675,16.233,154.921,37.151,1.656428571,,,,,,,,,,,,,,,,,
64168,7.7,6.207,156.349,51.852,0.633367347,,,,,,,,,,,,,,,,,
64169,7.725,7.864,151.308,-16.661,0.80244898,,,,,,,,,,,,,,,,,
64170,7.751,10.209,118.094,-72.854,1.041734694,,,,,,,,,,,,,,,,,
64171,7.775,12.851,70.052,-87.738,1.311326531,,,,,,,,,,,,,,,,,
64172,7.8,11.07,45.631,-75.586,1.129591837,,,,,,,,,,,,,,,,,
64173,7.825,12.954,25.368,-71.173,1.321836735,,,,,,,,,,,,,,,,,
64174,7.85,13.024,23.149,-63.279,1.328979592,,,,,,,,,,,,,,,,,
64175,7.875,14.853,29.929,-56.631,1.515612245,,,,,,,,,,,,,,,,,
64176,7.9,13.162,44.187,-46.752,1.343061224,,,,,,,,,,,,,,,,,
64177,7.925,11.758,65.382,-26.036,1.199795918,,,,,,,,,,,,,,,,,
64178,7.95,12.126,88.626,-0.743,1.237346939,,,,,,,,,,,,,,,,,
64179,7.975,9.897,109.772,17.705,1.009897959,,,,,,,,,,,,,,,,,
64180,8,9.973,133.415,24.108,1.017653061,,,,,,,,,,,,,,,,,
64181,8.025,7.782,143.725,-2.437,0.794081633,,,,,,,,,,,,,,,,,
64182,8.05,11.062,149.067,-11.125,1.12877551,,,,,,,,,,,,,,,,,
64183,8.075,7.892,147.751,-20.963,0.805306122,,,,,,,,,,,,,,,,,
64184,8.1,7.945,136.941,-22.026,0.810714286,,,,,,,,,,,,,,,,,
64185,8.125,10.834,137.971,-11.561,1.105510204,,,,,,,,,,,,,,,,,
64186,8.15,7.84,145.193,-3.352,0.8,,,,,,,,,,,,,,,,,
64187,8.175,18.3,126.746,-14.916,1.867346939,,,,,,,,,,,,,,,,,
64188,8.2,19.843,126.84,-0.7,2.024795918,,,,,,,,,,,,,,,,,
64189,8.225,11.854,109.924,-17.069,1.209591837,,,,,,,,,,,,,,,,,
64190,8.25,10.414,106.849,-1.74,1.062653061,,,,,,,,,,,,,,,,,
64191,8.275,12.412,89.385,-38.619,1.266530612,,,,,,,,,,,,,,,,,
64192,8.3,11.04,73.471,-64.414,1.126530612,,,,,,,,,,,,,,,,,
64193,8.325,9.716,83.727,-55.429,0.991428571,,,,,,,,,,,,,,,,,
64194,8.35,13.467,50.857,-80.922,1.374183673,,,,,,,,,,,,,,,,,
64195,8.375,12.508,63.142,-53.563,1.276326531,,,,,,,,,,,,,,,,,
64196,8.4,7.919,62.388,-37.537,0.808061224,,,,,,,,,,,,,,,,,
64197,8.425,10.865,61.028,-19.366,1.108673469,,,,,,,,,,,,,,,,,
64198,8.45,10.639,69.652,-6.736,1.085612245,,,,,,,,,,,,,,,,,
64199,8.475,11.775,68.477,4.359,1.201530612,,,,,,,,,,,,,,,,,
64200,8.5,12.838,64.592,20.33,1.31,,,,,,,,,,,,,,,,,
64201,8.525,13.192,59.192,24.39,1.346122449,,,,,,,,,,,,,,,,,
64202,8.55,12.031,57.193,24.07,1.227653061,,,,,,,,,,,,,,,,,
64203,8.575,10.733,55.395,26.383,1.095204082,,,,,,,,,,,,,,,,,
64204,8.6,9.28,52.993,23.973,0.946938776,,,,,,,,,,,,,,,,,
64205,8.625,7.075,45.613,34.686,0.721938776,,,,,,,,,,,,,,,,,
64206,8.65,7.934,43.444,28.359,0.809591837,,,,,,,,,,,,,,,,,
64207,8.675,4.698,47.778,25.378,0.479387755,,,,,,,,,,,,,,,,,
64208,8.7,5.637,46.656,37.785,0.575204082,,,,,,,,,,,,,,,,,
64209,8.726,5.208,50.682,10.009,0.531428571,,,,,,,,,,,,,,,,,
64210,8.75,1.937,47.003,19.716,0.197653061,,,,,,,,,,,,,,,,,
64211,8.775,2.869,45.918,6.521,0.292755102,,,,,,,,,,,,,,,,,
64212,8.8,6.035,42.53,-2.461,0.615816327,,,,,,,,,,,,,,,,,
64213,8.825,1.861,45.351,5.073,0.189897959,,,,,,,,,,,,,,,,,
64214,8.85,5.241,34.415,-10.192,0.534795918,,,,,,,,,,,,,,,,,
64215,8.875,7.184,31.226,-25.511,0.733061224,,,,,,,,,,,,,,,,,
64216,8.9,5.101,31.066,-22.538,0.520510204,,,,,,,,,,,,,,,,,
64217,8.925,6.266,14.392,-37.225,0.639387755,,,,,,,,,,,,,,,,,
64218,8.95,4.887,20.46,-30.751,0.498673469,,,,,,,,,,,,,,,,,
64219,8.975,3.505,19.627,-26.475,0.357653061,,,,,,,,,,,,,,,,,
64220,9,3.216,14.068,-31.091,0.328163265,,,,,,,,,,,,,,,,,
64221,9.025,3.715,17.778,-30.219,0.379081633,,,,,,,,,,,,,,,,,
64222,9.05,2.815,21.149,-30.136,0.287244898,,,,,,,,,,,,,,,,,
64223,9.075,-0.542,28.342,-19.929,-0.055306122,,,,,,,,,,,,,,,,,
64224,9.1,-1.101,31.835,-12.721,-0.112346939,,,,,,,,,,,,,,,,,
64225,9.125,-2.863,23.653,-12.126,-0.292142857,,,,,,,,,,,,,,,,,
64226,9.15,4.179,28.595,-15.682,0.426428571,,,,,,,,,,,,,,,,,
64227,9.175,-0.817,24.032,-3.34,-0.083367347,,,,,,,,,,,,,,,,,
64228,9.2,0.723,23.883,0.127,0.07377551,,,,,,,,,,,,,,,,,
64229,9.225,4.293,18.759,0.989,0.438061224,,,,,,,,,,,,,,,,,
64230,9.25,3.633,14.612,2.801,0.370714286,,,,,,,,,,,,,,,,,
64231,9.275,4.335,12.6,0.616,0.442346939,,,,,,,,,,,,,,,,,
64232,9.3,4.061,10.84,1.45,0.414387755,,,,,,,,,,,,,,,,,
64233,9.325,4.502,8.122,2.71,0.459387755,,,,,,,,,,,,,,,,,
64234,9.35,4.37,5.828,5.899,0.445918367,,,,,,,,,,,,,,,,,
64235,9.375,4.315,3.715,7.159,0.440306122,,,,,,,,,,,,,,,,,
64236,9.4,4.384,1.984,8.607,0.447346939,,,,,,,,,,,,,,,,,
64237,9.425,4.318,1.379,10.173,0.440612245,,,,,,,,,,,,,,,,,
64238,9.45,3.862,-2.685,11.09,0.394081633,,,,,,,,,,,,,,,,,
64239,9.475,2.976,-4.041,12.572,0.303673469,,,,,,,,,,,,,,,,,
64240,9.5,2.979,-6.635,13.056,0.303979592,,,,,,,,,,,,,,,,,
64241,9.525,2.749,-5.942,14.674,0.280510204,,,,,,,,,,,,,,,,,
64242,9.55,2.507,-8.44,15.6,0.255816327,,,,,,,,,,,,,,,,,
64243,9.575,1.618,-13.711,15.712,0.165102041,,,,,,,,,,,,,,,,,
64244,9.6,0.41,-16.625,15.444,0.041836735,,,,,,,,,,,,,,,,,
64245,9.625,3.795,-11.585,11.968,0.387244898,,,,,,,,,,,,,,,,,
64246,9.65,2.499,-9.763,15.715,0.255,,,,,,,,,,,,,,,,,
64247,9.675,0.115,-9.749,18.394,0.011734694,,,,,,,,,,,,,,,,,
64248,9.7,2.681,-10.892,15.147,0.273571429,,,,,,,,,,,,,,,,,
64249,9.725,1.641,-7.222,22.399,0.16744898,,,,,,,,,,,,,,,,,
64250,9.75,0.463,-8.975,12.083,0.047244898,,,,,,,,,,,,,,,,,
64251,9.775,0.061,-7.521,13.806,0.00622449,,,,,,,,,,,,,,,,,
64252,9.8,3.896,-3.013,7.778,0.39755102,,,,,,,,,,,,,,,,,
64253,9.825,3.381,-1.308,5.388,0.345,,,,,,,,,,,,,,,,,
64254,9.85,2.347,-1.216,6.293,0.239489796,,,,,,,,,,,,,,,,,
64255,9.875,2.57,0.009,5.338,0.262244898,,,,,,,,,,,,,,,,,
64256,9.9,2.775,0.828,4.353,0.283163265,,,,,,,,,,,,,,,,,
64257,9.926,2.353,1.466,3.355,0.240102041,,,,,,,,,,,,,,,,,
64258,9.95,2.445,1.834,2.149,0.249489796,,,,,,,,,,,,,,,,,
64259,9.975,2.297,2.149,1.291,0.234387755,,,,,,,,,,,,,,,,,
64260,10,2.258,2.259,0.561,0.230408163,,,,,,,,,,,,,,,,,
64261,10.025,2.307,2.233,-0.453,0.235408163,,,,,,,,,,,,,,,,,
64262,10.05,2.254,2.091,-1.783,0.23,,,,,,,,,,,,,,,,,
64263,10.075,2.251,2.631,-2.651,0.229693878,,,,,,,,,,,,,,,,,
64264,10.1,2.065,3.033,-3.71,0.210714286,,,,,,,,,,,,,,,,,
64265,10.125,2.015,3.343,-4.745,0.205612245,,,,,,,,,,,,,,,,,
64266,10.15,1.687,1.952,-5.829,0.172142857,,,,,,,,,,,,,,,,,
64267,10.175,1.644,1.084,-6.61,0.167755102,,,,,,,,,,,,,,,,,
64268,10.2,1.168,0.095,-7.28,0.119183673,,,,,,,,,,,,,,,,,
64269,10.225,1.108,-2.997,-7.43,0.113061224,,,,,,,,,,,,,,,,,
64270,10.25,-0.133,-3.098,-8.562,-0.013571429,,,,,,,,,,,,,,,,,
64271,10.275,0.468,-7.633,-9.861,0.047755102,,,,,,,,,,,,,,,,,
64272,10.3,0.192,-5.016,-9.187,0.019591837,,,,,,,,,,,,,,,,,
64273,10.325,-0.049,-6.782,-8.468,-0.005,,,,,,,,,,,,,,,,,
64274,10.35,0.142,-6.79,-8.776,0.014489796,,,,,,,,,,,,,,,,,
64275,10.375,0.251,-7.506,-7.852,0.025612245,,,,,,,,,,,,,,,,,
64276,10.4,0.164,-5.746,-9.241,0.016734694,,,,,,,,,,,,,,,,,
64277,10.425,0.377,-6.235,-8.09,0.038469388,,,,,,,,,,,,,,,,,
64278,10.45,0.357,-5.381,-8.488,0.036428571,,,,,,,,,,,,,,,,,
64279,10.475,0.319,-6.737,-6.961,0.03255102,,,,,,,,,,,,,,,,,
64280,10.5,0.676,-6.186,-6.297,0.068979592,,,,,,,,,,,,,,,,,
64281,10.525,0.471,-4.035,-6.165,0.048061224,,,,,,,,,,,,,,,,,
64282,10.55,0.845,-4.334,-4.899,0.08622449,,,,,,,,,,,,,,,,,
64283,10.575,0.798,-2.773,-4.676,0.081428571,,,,,,,,,,,,,,,,,
64284,10.6,0.931,-0.515,-3.774,0.095,,,,,,,,,,,,,,,,,
64285,10.625,1.212,-0.261,-2.951,0.123673469,,,,,,,,,,,,,,,,,
64286,10.65,1.081,0.332,-2.202,0.110306122,,,,,,,,,,,,,,,,,
64287,10.675,1.193,0.411,-1.863,0.121734694,,,,,,,,,,,,,,,,,
64288,10.7,1.033,0.584,-1.458,0.105408163,,,,,,,,,,,,,,,,,
64289,10.725,1.067,0.774,-0.967,0.108877551,,,,,,,,,,,,,,,,,
64290,10.75,1.097,0.894,-0.796,0.111938776,,,,,,,,,,,,,,,,,
64291,10.775,1.078,0.85,-0.434,0.11,,,,,,,,,,,,,,,,,
64292,10.8,1.151,1.015,0.004,0.11744898,,,,,,,,,,,,,,,,,
64293,10.825,1.108,1.131,0.33,0.113061224,,,,,,,,,,,,,,,,,
64294,10.85,1.157,1.3,0.705,0.118061224,,,,,,,,,,,,,,,,,
64295,10.875,1.112,1.333,1.045,0.113469388,,,,,,,,,,,,,,,,,
64296,10.9,1.194,1.472,1.297,0.121836735,,,,,,,,,,,,,,,,,
64297,10.925,1.238,1.45,1.508,0.126326531,,,,,,,,,,,,,,,,,
64298,10.95,1.094,1.587,1.684,0.111632653,,,,,,,,,,,,,,,,,
64299,10.975,1.02,1.712,2.026,0.104081633,,,,,,,,,,,,,,,,,
64300,11,1.06,1.885,2.327,0.108163265,,,,,,,,,,,,,,,,,
64301,11.025,1.109,2.062,2.548,0.113163265,,,,,,,,,,,,,,,,,
64302,11.05,1.204,1.48,3.19,0.122857143,,,,,,,,,,,,,,,,,
64303,11.075,1.085,1.855,3.202,0.110714286,,,,,,,,,,,,,,,,,
64304,11.1,0.947,0.323,3.985,0.096632653,,,,,,,,,,,,,,,,,
64305,11.125,0.734,2.105,4.503,0.074897959,,,,,,,,,,,,,,,,,
64306,11.15,0.894,1.082,5.164,0.09122449,,,,,,,,,,,,,,,,,
64307,11.175,0.78,2.205,5.308,0.079591837,,,,,,,,,,,,,,,,,
64308,11.2,0.639,0.138,6.155,0.065204082,,,,,,,,,,,,,,,,,
64309,11.225,0.804,2.093,5.286,0.082040816,,,,,,,,,,,,,,,,,
64310,11.25,0.608,1.876,5.815,0.062040816,,,,,,,,,,,,,,,,,
64311,11.275,0.608,1.577,7.013,0.062040816,,,,,,,,,,,,,,,,,
64312,11.3,0.748,2.029,6.011,0.076326531,,,,,,,,,,,,,,,,,
64313,11.325,0.532,1.856,6.311,0.054285714,,,,,,,,,,,,,,,,,
64314,11.35,0.434,1.298,6.408,0.044285714,,,,,,,,,,,,,,,,,
64315,11.375,0.678,1.355,5.964,0.069183673,,,,,,,,,,,,,,,,,
64316,11.4,0.484,0.795,6.184,0.049387755,,,,,,,,,,,,,,,,,
64317,11.425,0.941,-0.086,5.277,0.096020408,,,,,,,,,,,,,,,,,
64318,11.45,0.668,0.014,5.057,0.068163265,,,,,,,,,,,,,,,,,
64319,11.475,0.864,0.345,4.578,0.088163265,,,,,,,,,,,,,,,,,
64320,11.5,1.08,-0.124,4.06,0.110204082,,,,,,,,,,,,,,,,,
64321,11.525,0.893,-0.186,3.723,0.091122449,,,,,,,,,,,,,,,,,
64322,11.55,1.145,-0.316,3.523,0.116836735,,,,,,,,,,,,,,,,,
64323,11.575,0.883,-0.348,3.461,0.090102041,,,,,,,,,,,,,,,,,
64324,11.6,0.942,-0.409,2.861,0.096122449,,,,,,,,,,,,,,,,,
64325,11.625,1.034,-0.648,2.375,0.105510204,,,,,,,,,,,,,,,,,
64326,11.65,0.903,-0.516,2.581,0.092142857,,,,,,,,,,,,,,,,,
64327,11.675,0.957,-0.716,2.143,0.097653061,,,,,,,,,,,,,,,,,
64328,11.7,0.807,-0.5,2.335,0.082346939,,,,,,,,,,,,,,,,,
64329,11.725,0.812,-0.752,2.073,0.082857143,,,,,,,,,,,,,,,,,
64330,11.75,0.705,-0.705,1.967,0.071938776,,,,,,,,,,,,,,,,,
64331,11.775,0.832,-0.89,2.022,0.084897959,,,,,,,,,,,,,,,,,
64332,11.8,0.781,-0.913,1.732,0.079693878,,,,,,,,,,,,,,,,,
64333,11.825,0.74,-1.08,2.034,0.075510204,,,,,,,,,,,,,,,,,
64334,11.85,0.798,-0.869,1.731,0.081428571,,,,,,,,,,,,,,,,,
64335,11.875,0.583,-1.295,1.647,0.059489796,,,,,,,,,,,,,,,,,
64336,11.9,0.684,-1.57,1.891,0.069795918,,,,,,,,,,,,,,,,,
64337,11.925,0.764,-1.951,1.69,0.077959184,,,,,,,,,,,,,,,,,
64338,11.95,0.632,-2.003,1.326,0.064489796,,,,,,,,,,,,,,,,,
64339,11.975,0.737,-2.039,1.342,0.075204082,,,,,,,,,,,,,,,,,
64340,12,0.657,-2.214,1.587,0.067040816,,,,,,,,,,,,,,,,,
64341,12.025,0.516,-2.328,1.568,0.052653061,,,,,,,,,,,,,,,,,
64342,12.05,0.351,-2.382,1.217,0.035816327,,,,,,,,,,,,,,,,,
64343,12.075,0.429,-2.239,2.127,0.04377551,,,,,,,,,,,,,,,,,
64344,12.1,0.377,-2.496,1.23,0.038469388,,,,,,,,,,,,,,,,,
64345,12.125,0.501,-2.321,1.73,0.051122449,,,,,,,,,,,,,,,,,
64346,12.15,0.185,-2.685,1.243,0.018877551,,,,,,,,,,,,,,,,,
64347,12.175,0.3,-2.593,1.407,0.030612245,,,,,,,,,,,,,,,,,
64348,12.201,0.209,-2.532,1.458,0.021326531,,,,,,,,,,,,,,,,,
64349,12.225,0.288,-2.436,1.359,0.029387755,,,,,,,,,,,,,,,,,
64350,12.25,0.186,-2.728,1.583,0.018979592,,,,,,,,,,,,,,,,,
64351,12.275,0.099,-2.706,1.012,0.010102041,,,,,,,,,,,,,,,,,
64352,12.3,0.185,-2.653,1.822,0.018877551,,,,,,,,,,,,,,,,,
64353,12.325,0.105,-2.627,1.262,0.010714286,,,,,,,,,,,,,,,,,
64354,12.35,0.05,-2.38,1.57,0.005102041,,,,,,,,,,,,,,,,,
64355,12.375,0.046,-2.659,1.717,0.004693878,,,,,,,,,,,,,,,,,
64356,12.4,0.023,-2.483,1.462,0.002346939,,,,,,,,,,,,,,,,,
64357,12.425,0.061,-2.442,1.71,0.00622449,,,,,,,,,,,,,,,,,
64358,12.45,0.011,-2.599,1.331,0.001122449,,,,,,,,,,,,,,,,,
64359,12.475,0.024,-2.454,1.641,0.00244898,,,,,,,,,,,,,,,,,
64360,12.5,-0.105,-2.486,1.629,-0.010714286,,,,,,,,,,,,,,,,,
64361,12.525,0.002,-2.372,1.35,0.000204082,,,,,,,,,,,,,,,,,
64362,12.55,0.038,-2.28,1.598,0.003877551,,,,,,,,,,,,,,,,,
64363,12.575,-0.039,-2.536,1.436,-0.003979592,,,,,,,,,,,,,,,,,
64364,12.6,-0.023,-2.082,1.329,-0.002346939,,,,,,,,,,,,,,,,,
64365,12.625,0.016,-2.341,1.748,0.001632653,,,,,,,,,,,,,,,,,
64366,12.65,-0.034,-2.19,2.097,-0.003469388,,,,,,,,,,,,,,,,,
64367,12.675,0.076,-2.018,2.128,0.007755102,,,,,,,,,,,,,,,,,
64368,12.7,0.062,-1.959,2.246,0.006326531,,,,,,,,,,,,,,,,,
64369,12.725,-0.033,-1.844,2.53,-0.003367347,,,,,,,,,,,,,,,,,
64370,12.75,0.085,-1.635,2.001,0.008673469,,,,,,,,,,,,,,,,,
64371,12.775,0.057,-1.557,2.364,0.005816327,,,,,,,,,,,,,,,,,
64372,12.8,0.106,-1.384,1.912,0.010816327,,,,,,,,,,,,,,,,,
64373,12.825,0.126,-1.485,1.876,0.012857143,,,,,,,,,,,,,,,,,
64374,12.85,0.079,-1.829,1.467,0.008061224,,,,,,,,,,,,,,,,,
64375,12.875,0.071,-1.518,1.566,0.007244898,,,,,,,,,,,,,,,,,
64376,12.9,0.069,-1.397,1.599,0.007040816,,,,,,,,,,,,,,,,,
64377,12.925,0.079,-1.147,1.701,0.008061224,,,,,,,,,,,,,,,,,
64378,12.95,0.048,-1.145,1.673,0.004897959,,,,,,,,,,,,,,,,,
64379,12.975,0.063,-1.078,1.653,0.006428571,,,,,,,,,,,,,,,,,
64380,13,0.057,-1.163,1.49,0.005816327,,,,,,,,,,,,,,,,,
64381,13.025,0.09,-1.157,1.486,0.009183673,,,,,,,,,,,,,,,,,
64382,13.05,0.127,-0.828,1.696,0.012959184,,,,,,,,,,,,,,,,,
64383,13.075,0.088,-0.854,1.597,0.008979592,,,,,,,,,,,,,,,,,
64384,13.1,0.117,-0.942,1.471,0.011938776,,,,,,,,,,,,,,,,,
64385,13.125,0.114,-0.831,1.609,0.011632653,,,,,,,,,,,,,,,,,
64386,13.15,0.139,-0.666,1.529,0.014183673,,,,,,,,,,,,,,,,,
64387,13.175,0.155,-0.584,1.628,0.015816327,,,,,,,,,,,,,,,,,
64388,13.2,0.151,-0.522,1.624,0.015408163,,,,,,,,,,,,,,,,,
64389,13.225,0.13,-0.453,1.671,0.013265306,,,,,,,,,,,,,,,,,
64390,13.25,0.168,-0.438,1.589,0.017142857,,,,,,,,,,,,,,,,,
64391,13.275,0.165,-0.403,1.59,0.016836735,,,,,,,,,,,,,,,,,
64392,13.3,0.174,-0.366,1.605,0.017755102,,,,,,,,,,,,,,,,,
64393,13.325,0.207,-0.476,1.459,0.021122449,,,,,,,,,,,,,,,,,
64394,13.35,0.219,-0.356,1.427,0.022346939,,,,,,,,,,,,,,,,,
64395,13.375,0.17,-0.343,1.495,0.017346939,,,,,,,,,,,,,,,,,
64396,13.4,0.214,-0.309,1.515,0.021836735,,,,,,,,,,,,,,,,,
64397,13.425,0.195,-0.361,1.358,0.019897959,,,,,,,,,,,,,,,,,
64398,13.45,0.2,-0.364,1.465,0.020408163,,,,,,,,,,,,,,,,,
64399,13.475,0.196,-0.367,1.371,0.02,,,,,,,,,,,,,,,,,
64400,13.5,0.207,-0.307,1.367,0.021122449,,,,,,,,,,,,,,,,,
64401,13.525,0.234,-0.332,1.398,0.023877551,,,,,,,,,,,,,,,,,
64402,13.55,0.215,-0.446,1.392,0.021938776,,,,,,,,,,,,,,,,,
64403,13.575,0.217,-0.364,1.344,0.022142857,,,,,,,,,,,,,,,,,
64404,13.6,0.257,-0.378,1.371,0.02622449,,,,,,,,,,,,,,,,,
64405,13.625,0.224,-0.398,1.446,0.022857143,,,,,,,,,,,,,,,,,
64406,13.65,0.227,-0.351,1.388,0.023163265,,,,,,,,,,,,,,,,,
64407,13.675,0.239,-0.406,1.442,0.024387755,,,,,,,,,,,,,,,,,
64408,13.7,0.204,-0.447,1.409,0.020816327,,,,,,,,,,,,,,,,,
64409,13.725,0.215,-0.253,1.546,0.021938776,,,,,,,,,,,,,,,,,
64410,13.75,0.209,-0.346,1.505,0.021326531,,,,,,,,,,,,,,,,,
64411,13.775,0.22,-0.373,1.532,0.02244898,,,,,,,,,,,,,,,,,
64412,13.8,0.195,-0.366,1.479,0.019897959,,,,,,,,,,,,,,,,,
64413,13.825,0.209,-0.404,1.548,0.021326531,,,,,,,,,,,,,,,,,
64414,13.85,0.162,-0.339,1.488,0.016530612,,,,,,,,,,,,,,,,,
64415,13.875,0.172,-0.325,1.577,0.01755102,,,,,,,,,,,,,,,,,
64416,13.9,0.156,-0.288,1.554,0.015918367,,,,,,,,,,,,,,,,,
64417,13.925,0.173,-0.261,1.652,0.017653061,,,,,,,,,,,,,,,,,
64418,13.95,0.156,-0.183,1.664,0.015918367,,,,,,,,,,,,,,,,,
64419,13.975,0.137,-0.206,1.701,0.013979592,,,,,,,,,,,,,,,,,
64420,14,0.105,-0.126,1.679,0.010714286,,,,,,,,,,,,,,,,,
64421,14.025,0.117,0.029,1.708,0.011938776,,,,,,,,,,,,,,,,,
64422,14.05,0.129,-0.051,1.754,0.013163265,,,,,,,,,,,,,,,,,
64423,14.075,0.128,0.028,1.817,0.013061224,,,,,,,,,,,,,,,,,
64424,14.1,0.104,0.215,1.781,0.010612245,,,,,,,,,,,,,,,,,
64425,14.125,0.126,0.223,1.836,0.012857143,,,,,,,,,,,,,,,,,
64426,14.15,0.145,0.301,1.679,0.014795918,,,,,,,,,,,,,,,,,
64427,14.175,0.103,0.423,1.793,0.010510204,,,,,,,,,,,,,,,,,
64428,14.2,0.053,0.429,1.78,0.005408163,,,,,,,,,,,,,,,,,
64429,14.225,0.087,0.604,1.669,0.008877551,,,,,,,,,,,,,,,,,
64430,14.25,0.083,0.575,1.56,0.008469388,,,,,,,,,,,,,,,,,
64431,14.275,0.084,0.548,1.631,0.008571429,,,,,,,,,,,,,,,,,
64432,14.3,0.048,0.674,1.524,0.004897959,,,,,,,,,,,,,,,,,
64433,14.325,0.048,0.727,1.557,0.004897959,,,,,,,,,,,,,,,,,
64434,14.35,0.091,0.748,1.579,0.009285714,,,,,,,,,,,,,,,,,
64435,14.375,0.057,0.833,1.545,0.005816327,,,,,,,,,,,,,,,,,
64436,14.4,0.054,0.913,1.464,0.005510204,,,,,,,,,,,,,,,,,
64437,14.425,0.052,0.962,1.448,0.005306122,,,,,,,,,,,,,,,,,
64438,14.45,0.079,1.074,1.385,0.008061224,,,,,,,,,,,,,,,,,
64439,14.475,0.087,1.186,1.165,0.008877551,,,,,,,,,,,,,,,,,
64440,14.5,0.106,1.188,1.034,0.010816327,,,,,,,,,,,,,,,,,
64441,14.525,0.074,1.151,0.944,0.00755102,,,,,,,,,,,,,,,,,
64442,14.55,0.117,1.143,1.023,0.011938776,,,,,,,,,,,,,,,,,
64443,14.575,0.14,1.097,1.082,0.014285714,,,,,,,,,,,,,,,,,
64444,14.6,0.082,1.136,0.877,0.008367347,,,,,,,,,,,,,,,,,
64445,14.625,0.142,1.175,0.888,0.014489796,,,,,,,,,,,,,,,,,
64446,14.65,0.175,1.111,0.984,0.017857143,,,,,,,,,,,,,,,,,
64447,14.675,0.137,1.117,0.727,0.013979592,,,,,,,,,,,,,,,,,
64448,14.7,0.192,1.091,0.626,0.019591837,,,,,,,,,,,,,,,,,
64449,14.725,0.162,1.07,0.661,0.016530612,,,,,,,,,,,,,,,,,
64450,14.75,0.226,1.034,0.552,0.023061224,,,,,,,,,,,,,,,,,
64451,14.775,0.258,1.003,0.504,0.026326531,,,,,,,,,,,,,,,,,
64452,14.8,0.249,0.982,0.441,0.025408163,,,,,,,,,,,,,,,,,
64453,14.825,0.267,0.871,0.432,0.027244898,,,,,,,,,,,,,,,,,
64454,14.85,0.289,0.863,0.327,0.029489796,,,,,,,,,,,,,,,,,
64455,14.875,0.315,0.835,0.319,0.032142857,,,,,,,,,,,,,,,,,
64456,14.9,0.315,0.772,0.317,0.032142857,,,,,,,,,,,,,,,,,
64457,14.925,0.358,0.714,0.183,0.036530612,,,,,,,,,,,,,,,,,
64458,14.95,0.345,0.686,0.23,0.035204082,,,,,,,,,,,,,,,,,
64459,14.975,0.38,0.621,0.179,0.03877551,,,,,,,,,,,,,,,,,
64460,15,0.393,0.604,0.179,0.040102041,,,,,,,,,,,,,,,,,
64461,15.025,0.426,0.547,0.111,0.043469388,,,,,,,,,,,,,,,,,
64462,15.05,0.443,0.499,0.142,0.045204082,,,,,,,,,,,,,,,,,
64463,15.075,0.459,0.427,0.138,0.046836735,,,,,,,,,,,,,,,,,
64464,15.1,0.499,0.415,0.064,0.050918367,,,,,,,,,,,,,,,,,
64465,15.125,0.518,0.405,0.094,0.052857143,,,,,,,,,,,,,,,,,
64466,15.15,0.541,0.433,0.098,0.055204082,,,,,,,,,,,,,,,,,
64467,15.175,0.519,0.46,0.124,0.052959184,,,,,,,,,,,,,,,,,
64468,15.2,0.541,0.439,0.13,0.055204082,,,,,,,,,,,,,,,,,
64469,15.225,0.559,0.433,0.139,0.057040816,,,,,,,,,,,,,,,,,
64470,15.25,0.588,0.454,0.078,0.06,,,,,,,,,,,,,,,,,
64471,15.275,0.568,0.509,0.118,0.057959184,,,,,,,,,,,,,,,,,
64472,15.3,0.598,0.46,0.008,0.061020408,,,,,,,,,,,,,,,,,
64473,15.325,0.602,0.51,0.026,0.061428571,,,,,,,,,,,,,,,,,
64474,15.35,0.594,0.521,0.027,0.060612245,,,,,,,,,,,,,,,,,
64475,15.375,0.595,0.505,-0.027,0.060714286,,,,,,,,,,,,,,,,,
64476,15.4,0.572,0.586,-0.054,0.058367347,,,,,,,,,,,,,,,,,
64477,15.425,0.573,0.671,-0.049,0.058469388,,,,,,,,,,,,,,,,,
64478,15.45,0.549,0.656,-0.203,0.056020408,,,,,,,,,,,,,,,,,
64479,15.475,0.576,0.714,-0.263,0.05877551,,,,,,,,,,,,,,,,,
64480,15.5,0.54,0.794,-0.238,0.055102041,,,,,,,,,,,,,,,,,
64481,15.525,0.511,0.794,-0.303,0.052142857,,,,,,,,,,,,,,,,,
64482,15.55,0.55,0.885,-0.548,0.056122449,,,,,,,,,,,,,,,,,
64483,15.575,0.529,0.962,-0.542,0.053979592,,,,,,,,,,,,,,,,,
64484,15.6,0.492,1.057,-0.602,0.050204082,,,,,,,,,,,,,,,,,
64485,15.625,0.496,0.96,-0.726,0.050612245,,,,,,,,,,,,,,,,,
64486,15.65,0.449,1.075,-0.931,0.045816327,,,,,,,,,,,,,,,,,
64487,15.675,0.391,1.122,-1.142,0.039897959,,,,,,,,,,,,,,,,,
64488,15.7,0.447,1.337,-1.003,0.045612245,,,,,,,,,,,,,,,,,
64489,15.725,0.437,1.362,-1.26,0.044591837,,,,,,,,,,,,,,,,,
64490,15.75,0.325,1.335,-1.189,0.033163265,,,,,,,,,,,,,,,,,
64491,15.775,0.337,1.249,-1.691,0.034387755,,,,,,,,,,,,,,,,,
64492,15.8,0.339,1.888,-1.155,0.034591837,,,,,,,,,,,,,,,,,
64493,15.825,0.297,1.503,-1.684,0.030306122,,,,,,,,,,,,,,,,,
64494,15.851,0.205,1.549,-1.571,0.020918367,,,,,,,,,,,,,,,,,
64495,15.875,0.253,1.902,-1.518,0.025816327,,,,,,,,,,,,,,,,,
64496,15.9,0.121,1.508,-1.706,0.012346939,,,,,,,,,,,,,,,,,
64497,15.925,0.278,1.868,-1.962,0.028367347,,,,,,,,,,,,,,,,,
64498,15.95,0.264,1.898,-2,0.026938776,,,,,,,,,,,,,,,,,
64499,15.975,0.113,1.784,-1.874,0.011530612,,,,,,,,,,,,,,,,,
64500,16,0.215,1.951,-2.099,0.021938776,,,,,,,,,,,,,,,,,
64501,16.025,0.209,1.514,-1.941,0.021326531,,,,,,,,,,,,,,,,,
64502,16.05,0.201,2.082,-1.718,0.020510204,,,,,,,,,,,,,,,,,
64503,16.075,0.119,1.69,-2.007,0.012142857,,,,,,,,,,,,,,,,,
64504,16.1,0.21,1.734,-1.852,0.021428571,,,,,,,,,,,,,,,,,
64505,16.125,0.258,2.011,-1.854,0.026326531,,,,,,,,,,,,,,,,,
64506,16.15,0.256,1.926,-1.654,0.026122449,,,,,,,,,,,,,,,,,
64507,16.175,0.215,1.508,-1.807,0.021938776,,,,,,,,,,,,,,,,,
64508,16.2,0.366,1.929,-1.51,0.037346939,,,,,,,,,,,,,,,,,
64509,16.225,0.248,1.468,-1.754,0.025306122,,,,,,,,,,,,,,,,,
64510,16.25,0.353,1.743,-1.264,0.036020408,,,,,,,,,,,,,,,,,
64511,16.275,0.338,1.34,-1.408,0.034489796,,,,,,,,,,,,,,,,,
64512,16.3,0.331,1.407,-0.935,0.03377551,,,,,,,,,,,,,,,,,
64513,16.325,0.34,1.25,-0.897,0.034693878,,,,,,,,,,,,,,,,,
64514,16.35,0.442,1.009,-0.748,0.045102041,,,,,,,,,,,,,,,,,
64515,16.375,0.396,1.102,-0.649,0.040408163,,,,,,,,,,,,,,,,,
64516,16.4,0.406,0.904,-0.672,0.041428571,,,,,,,,,,,,,,,,,
64517,16.425,0.427,0.952,-0.274,0.043571429,,,,,,,,,,,,,,,,,
64518,16.45,0.452,0.973,-0.493,0.046122449,,,,,,,,,,,,,,,,,
64519,16.475,0.498,0.917,-0.196,0.050816327,,,,,,,,,,,,,,,,,
64520,16.5,0.498,0.774,-0.338,0.050816327,,,,,,,,,,,,,,,,,
64521,16.525,0.58,0.978,-0.039,0.059183673,,,,,,,,,,,,,,,,,
64522,16.55,0.457,0.798,-0.068,0.046632653,,,,,,,,,,,,,,,,,
64523,16.575,0.462,0.886,0.201,0.047142857,,,,,,,,,,,,,,,,,
64524,16.6,0.526,0.816,0.102,0.053673469,,,,,,,,,,,,,,,,,
64525,16.625,0.533,0.77,0.306,0.054387755,,,,,,,,,,,,,,,,,
64526,16.65,0.503,0.712,0.345,0.051326531,,,,,,,,,,,,,,,,,
64527,16.675,0.517,0.697,0.417,0.052755102,,,,,,,,,,,,,,,,,
64528,16.7,0.465,0.596,0.426,0.04744898,,,,,,,,,,,,,,,,,
64529,16.725,0.469,0.496,0.513,0.047857143,,,,,,,,,,,,,,,,,
64530,16.75,0.459,0.466,0.499,0.046836735,,,,,,,,,,,,,,,,,
64531,16.775,0.5,0.399,0.573,0.051020408,,,,,,,,,,,,,,,,,
64532,16.8,0.479,0.319,0.581,0.048877551,,,,,,,,,,,,,,,,,
64533,16.825,0.463,0.278,0.621,0.047244898,,,,,,,,,,,,,,,,,
64534,16.85,0.469,0.225,0.614,0.047857143,,,,,,,,,,,,,,,,,
64535,16.875,0.434,0.125,0.649,0.044285714,,,,,,,,,,,,,,,,,
64536,16.9,0.482,0.092,0.699,0.049183673,,,,,,,,,,,,,,,,,
64537,16.925,0.499,-0.032,0.667,0.050918367,,,,,,,,,,,,,,,,,
64538,16.95,0.457,-0.089,0.729,0.046632653,,,,,,,,,,,,,,,,,
64539,16.975,0.469,-0.16,0.737,0.047857143,,,,,,,,,,,,,,,,,
64540,17,0.504,-0.225,0.731,0.051428571,,,,,,,,,,,,,,,,,
64541,17.025,0.454,-0.293,0.738,0.046326531,,,,,,,,,,,,,,,,,
64542,17.05,0.493,-0.339,0.711,0.050306122,,,,,,,,,,,,,,,,,
64543,17.075,0.501,-0.459,0.722,0.051122449,,,,,,,,,,,,,,,,,
64544,17.1,0.498,-0.55,0.714,0.050816327,,,,,,,,,,,,,,,,,
64545,17.125,0.489,-0.593,0.708,0.049897959,,,,,,,,,,,,,,,,,
64546,17.15,0.522,-0.656,0.707,0.053265306,,,,,,,,,,,,,,,,,
64547,17.175,0.563,-0.766,0.662,0.05744898,,,,,,,,,,,,,,,,,
64548,17.2,0.574,-0.805,0.612,0.058571429,,,,,,,,,,,,,,,,,
64549,17.225,0.561,-0.901,0.596,0.057244898,,,,,,,,,,,,,,,,,
64550,17.25,0.551,-1.024,0.545,0.05622449,,,,,,,,,,,,,,,,,
64551,17.275,0.567,-1.023,0.522,0.057857143,,,,,,,,,,,,,,,,,
64552,17.3,0.569,-1.192,0.463,0.058061224,,,,,,,,,,,,,,,,,
64553,17.325,0.6,-1.263,0.405,0.06122449,,,,,,,,,,,,,,,,,
64554,17.35,0.574,-1.34,0.336,0.058571429,,,,,,,,,,,,,,,,,
64555,17.375,0.593,-1.435,0.271,0.060510204,,,,,,,,,,,,,,,,,
64556,17.4,0.56,-1.577,0.168,0.057142857,,,,,,,,,,,,,,,,,
64557,17.425,0.542,-1.684,0.084,0.055306122,,,,,,,,,,,,,,,,,
64558,17.45,0.636,-1.708,0.167,0.064897959,,,,,,,,,,,,,,,,,
64559,17.475,0.573,-1.899,0.011,0.058469388,,,,,,,,,,,,,,,,,
64560,17.5,0.684,-1.953,0.074,0.069795918,,,,,,,,,,,,,,,,,
64561,17.525,0.564,-2.088,0.036,0.05755102,,,,,,,,,,,,,,,,,
64562,17.55,0.563,-2.155,0.205,0.05744898,,,,,,,,,,,,,,,,,
64563,17.575,0.551,-2.293,0.173,0.05622449,,,,,,,,,,,,,,,,,
64564,17.6,0.563,-2.366,0.096,0.05744898,,,,,,,,,,,,,,,,,
64565,17.625,0.56,-2.51,0.284,0.057142857,,,,,,,,,,,,,,,,,
64566,17.65,0.563,-2.583,0.359,0.05744898,,,,,,,,,,,,,,,,,
64567,17.675,0.462,-2.702,0.5,0.047142857,,,,,,,,,,,,,,,,,
64568,17.7,0.621,-2.783,0.787,0.063367347,,,,,,,,,,,,,,,,,
64569,17.725,0.552,-2.863,1.1,0.056326531,,,,,,,,,,,,,,,,,
64570,17.75,0.649,-2.936,1.164,0.06622449,,,,,,,,,,,,,,,,,
64571,17.775,0.527,-3.07,1.835,0.05377551,,,,,,,,,,,,,,,,,
64572,17.8,0.606,-2.898,1.907,0.061836735,,,,,,,,,,,,,,,,,
64573,17.825,0.505,-3.336,2.508,0.051530612,,,,,,,,,,,,,,,,,
64574,17.85,0.652,-2.881,2.349,0.066530612,,,,,,,,,,,,,,,,,
64575,17.875,0.519,-3.093,2.647,0.052959184,,,,,,,,,,,,,,,,,
64576,17.9,0.589,-3.055,3.078,0.060102041,,,,,,,,,,,,,,,,,
64577,17.925,0.803,-2.808,2.71,0.081938776,,,,,,,,,,,,,,,,,
64578,17.95,0.634,-3.032,3.419,0.064693878,,,,,,,,,,,,,,,,,
64579,17.975,0.744,-2.634,3.017,0.075918367,,,,,,,,,,,,,,,,,
64580,18,0.664,-2.409,3.735,0.067755102,,,,,,,,,,,,,,,,,
64581,18.025,0.614,-2.49,3.49,0.062653061,,,,,,,,,,,,,,,,,
64582,18.05,0.723,-2.501,3.869,0.07377551,,,,,,,,,,,,,,,,,
64583,18.075,0.808,-2.284,3.611,0.08244898,,,,,,,,,,,,,,,,,
64584,18.1,0.79,-2.356,4.076,0.080612245,,,,,,,,,,,,,,,,,
64585,18.125,0.936,-2.191,3.53,0.095510204,,,,,,,,,,,,,,,,,
64586,18.15,1.005,-2.185,4.186,0.10255102,,,,,,,,,,,,,,,,,
64587,18.175,0.766,-2.82,3.467,0.078163265,,,,,,,,,,,,,,,,,
64588,18.2,0.832,-2.394,3.655,0.084897959,,,,,,,,,,,,,,,,,
64589,18.225,0.825,-2.921,3.224,0.084183673,,,,,,,,,,,,,,,,,
64590,18.25,0.852,-3.079,2.792,0.086938776,,,,,,,,,,,,,,,,,
64591,18.275,0.893,-2.555,2.923,0.091122449,,,,,,,,,,,,,,,,,
64592,18.3,0.926,-3.172,2.365,0.094489796,,,,,,,,,,,,,,,,,
64593,18.325,0.911,-2.926,2.748,0.092959184,,,,,,,,,,,,,,,,,
64594,18.35,0.907,-3.189,2.389,0.09255102,,,,,,,,,,,,,,,,,
64595,18.375,0.954,-3.394,2.217,0.097346939,,,,,,,,,,,,,,,,,
64596,18.4,0.999,-3.117,1.735,0.101938776,,,,,,,,,,,,,,,,,
64597,18.425,1.087,-3.615,1.501,0.110918367,,,,,,,,,,,,,,,,,
64598,18.45,0.97,-3.541,1.036,0.098979592,,,,,,,,,,,,,,,,,
64599,18.475,0.988,-3.764,0.994,0.100816327,,,,,,,,,,,,,,,,,
64600,18.5,0.985,-3.667,1.23,0.100510204,,,,,,,,,,,,,,,,,
64601,18.525,0.81,-3.997,0.498,0.082653061,,,,,,,,,,,,,,,,,
64602,18.55,0.859,-3.858,1.073,0.087653061,,,,,,,,,,,,,,,,,
64603,18.575,0.894,-4.342,0.801,0.09122449,,,,,,,,,,,,,,,,,
64604,18.6,0.867,-4.304,0.978,0.088469388,,,,,,,,,,,,,,,,,
64605,18.625,0.876,-4.621,0.811,0.089387755,,,,,,,,,,,,,,,,,
64606,18.65,1.093,-4.737,0.987,0.111530612,,,,,,,,,,,,,,,,,
64607,18.675,0.861,-4.907,1.49,0.087857143,,,,,,,,,,,,,,,,,
64608,18.7,0.883,-4.996,1.736,0.090102041,,,,,,,,,,,,,,,,,
64609,18.725,0.752,-4.818,2.083,0.076734694,,,,,,,,,,,,,,,,,
64610,18.75,0.619,-5.111,2.007,0.063163265,,,,,,,,,,,,,,,,,
64611,18.775,0.776,-5.141,3.133,0.079183673,,,,,,,,,,,,,,,,,
64612,18.8,0.127,-5.209,4.12,0.012959184,,,,,,,,,,,,,,,,,
64613,18.825,0.59,-4.912,3.469,0.060204082,,,,,,,,,,,,,,,,,
64614,18.85,0.6,-4.387,5.065,0.06122449,,,,,,,,,,,,,,,,,
64615,18.875,0.498,-4.676,5.597,0.050816327,,,,,,,,,,,,,,,,,
64616,18.9,0.677,-3.529,6.267,0.069081633,,,,,,,,,,,,,,,,,
64617,18.925,0.701,-3.589,7.114,0.071530612,,,,,,,,,,,,,,,,,
64618,18.95,0.939,-2.216,7.119,0.095816327,,,,,,,,,,,,,,,,,
64619,18.975,0.741,-3.658,7.555,0.075612245,,,,,,,,,,,,,,,,,
64620,19,0.901,-1.959,7.279,0.091938776,,,,,,,,,,,,,,,,,
64621,19.025,0.93,-1.753,7.389,0.094897959,,,,,,,,,,,,,,,,,
64622,19.05,1.167,-1.317,6.473,0.119081633,,,,,,,,,,,,,,,,,
64623,19.075,0.997,-1.25,6.822,0.101734694,,,,,,,,,,,,,,,,,
64624,19.1,0.993,-1.6,6.464,0.101326531,,,,,,,,,,,,,,,,,
64625,19.125,0.916,-0.799,6.464,0.093469388,,,,,,,,,,,,,,,,,
64626,19.15,0.965,-1.158,6.09,0.098469388,,,,,,,,,,,,,,,,,
64627,19.175,1.135,-0.566,6.042,0.115816327,,,,,,,,,,,,,,,,,
64628,19.2,0.999,-0.234,5.504,0.101938776,,,,,,,,,,,,,,,,,
64629,19.225,0.971,-0.52,5.682,0.099081633,,,,,,,,,,,,,,,,,
64630,19.25,1.012,0.024,5.131,0.103265306,,,,,,,,,,,,,,,,,
64631,19.275,0.952,0.102,5.164,0.097142857,,,,,,,,,,,,,,,,,
64632,19.3,0.882,0.159,4.868,0.09,,,,,,,,,,,,,,,,,
64633,19.325,0.996,0.407,5.035,0.101632653,,,,,,,,,,,,,,,,,
64634,19.35,0.942,0.541,4.753,0.096122449,,,,,,,,,,,,,,,,,
64635,19.375,0.937,0.649,4.992,0.095612245,,,,,,,,,,,,,,,,,
64636,19.4,0.869,0.631,4.88,0.088673469,,,,,,,,,,,,,,,,,
64637,19.425,0.978,0.917,5.003,0.099795918,,,,,,,,,,,,,,,,,
64638,19.45,0.952,1.151,5.152,0.097142857,,,,,,,,,,,,,,,,,
64639,19.475,0.965,1.353,5.467,0.098469388,,,,,,,,,,,,,,,,,
64640,19.5,1.026,1.699,5.51,0.104693878,,,,,,,,,,,,,,,,,
64641,19.525,1.122,2.172,5.862,0.114489796,,,,,,,,,,,,,,,,,
64642,19.55,1.178,2.268,6.313,0.120204082,,,,,,,,,,,,,,,,,
64643,19.575,1.319,3.248,6.361,0.134591837,,,,,,,,,,,,,,,,,
64644,19.6,1.543,3.382,6.819,0.15744898,,,,,,,,,,,,,,,,,
64645,19.625,1.673,4.246,6.741,0.170714286,,,,,,,,,,,,,,,,,
64646,19.65,2.313,5.019,6.775,0.236020408,,,,,,,,,,,,,,,,,
64647,19.675,1.723,6.678,5.865,0.175816327,,,,,,,,,,,,,,,,,
64648,19.7,1.891,8.329,4.766,0.192959184,,,,,,,,,,,,,,,,,
64649,19.725,1.883,9.104,3.737,0.192142857,,,,,,,,,,,,,,,,,
64650,19.75,1.877,9.633,2.877,0.191530612,,,,,,,,,,,,,,,,,
64651,19.775,1.38,11.327,1.44,0.140816327,,,,,,,,,,,,,,,,,
64652,19.8,1.453,9.986,-0.182,0.148265306,,,,,,,,,,,,,,,,,
64653,19.825,2.106,9.509,-1.277,0.214897959,,,,,,,,,,,,,,,,,
64654,19.85,1.475,9.727,-3.148,0.150510204,,,,,,,,,,,,,,,,,
64655,19.875,1.411,9.938,-0.857,0.143979592,,,,,,,,,,,,,,,,,
64656,19.9,0.958,8.823,-3.985,0.097755102,,,,,,,,,,,,,,,,,
64657,19.925,1.744,6.13,-8.766,0.177959184,,,,,,,,,,,,,,,,,
64658,19.95,0.189,6.862,-7.708,0.019285714,,,,,,,,,,,,,,,,,
64659,19.975,0.93,8.534,-9.794,0.094897959,,,,,,,,,,,,,,,,,
64660,20,1.601,4.358,-12.789,0.163367347,,,,,,,,,,,,,,,,,
64661,20.025,1.038,3.584,-10.095,0.105918367,,,,,,,,,,,,,,,,,
64662,20.05,1.128,2.846,-11.198,0.115102041,,,,,,,,,,,,,,,,,
64663,20.075,0.823,2.777,-8.158,0.083979592,,,,,,,,,,,,,,,,,
64664,20.1,1.786,4.246,-10.033,0.182244898,,,,,,,,,,,,,,,,,
64665,20.125,1.249,-1.301,-7.834,0.12744898,,,,,,,,,,,,,,,,,
64666,20.15,1.565,-3.699,-5.863,0.159693878,,,,,,,,,,,,,,,,,
64667,20.175,1.607,-3.49,-6.688,0.163979592,,,,,,,,,,,,,,,,,
64668,20.2,1.669,-5.086,-4.605,0.170306122,,,,,,,,,,,,,,,,,
64669,20.225,1.769,-4.706,-4.066,0.180510204,,,,,,,,,,,,,,,,,
64670,20.25,1.711,-5.508,-3.105,0.174591837,,,,,,,,,,,,,,,,,
64671,20.275,2.009,-4.979,-2.974,0.205,,,,,,,,,,,,,,,,,
64672,20.3,2.035,-4.987,-2.349,0.207653061,,,,,,,,,,,,,,,,,
64673,20.325,2.049,-4.88,-2.435,0.209081633,,,,,,,,,,,,,,,,,
64674,20.35,2.202,-4.322,-2.638,0.224693878,,,,,,,,,,,,,,,,,
64675,20.375,2.352,-4.006,-2.97,0.24,,,,,,,,,,,,,,,,,
64676,20.4,2.32,-3.373,-3.645,0.236734694,,,,,,,,,,,,,,,,,
64677,20.425,2.438,-2.589,-4.136,0.24877551,,,,,,,,,,,,,,,,,
64678,20.45,2.312,-2.14,-4.709,0.235918367,,,,,,,,,,,,,,,,,
64679,20.475,2.466,-1.759,-5.481,0.251632653,,,,,,,,,,,,,,,,,
64680,20.5,2.485,-1.3,-6.576,0.253571429,,,,,,,,,,,,,,,,,
64681,20.525,2.227,-0.63,-7.046,0.227244898,,,,,,,,,,,,,,,,,
64682,20.551,2.006,-0.791,-8.278,0.204693878,,,,,,,,,,,,,,,,,
64683,20.575,1.919,0.306,-9.329,0.195816327,,,,,,,,,,,,,,,,,
64684,20.6,1.333,-0.513,-10.512,0.136020408,,,,,,,,,,,,,,,,,
64685,20.625,0.962,-5.848,-11.529,0.098163265,,,,,,,,,,,,,,,,,
64686,20.65,1.446,-3.896,-13.615,0.14755102,,,,,,,,,,,,,,,,,
64687,20.675,1.978,-2.281,-15.688,0.201836735,,,,,,,,,,,,,,,,,
64688,20.7,1.579,-4.174,-14.303,0.161122449,,,,,,,,,,,,,,,,,
64689,20.725,1.984,-7.419,-15.618,0.20244898,,,,,,,,,,,,,,,,,
64690,20.75,1.028,-3.238,-16.972,0.104897959,,,,,,,,,,,,,,,,,
64691,20.775,0.424,-10.528,-13.826,0.043265306,,,,,,,,,,,,,,,,,
64692,20.8,1.664,-5.962,-18.374,0.169795918,,,,,,,,,,,,,,,,,
64693,20.825,1.727,-7.276,-16.981,0.17622449,,,,,,,,,,,,,,,,,
64694,20.85,2.248,-6.593,-15.226,0.229387755,,,,,,,,,,,,,,,,,
64695,20.875,2.315,-3.749,-14.519,0.23622449,,,,,,,,,,,,,,,,,
64696,20.9,2.575,-3.755,-13.199,0.262755102,,,,,,,,,,,,,,,,,
64697,20.925,3.992,-1.803,-15.633,0.407346939,,,,,,,,,,,,,,,,,
64698,20.95,2.613,-4.56,-14.493,0.266632653,,,,,,,,,,,,,,,,,
64699,20.975,2.882,-4.321,-12.828,0.294081633,,,,,,,,,,,,,,,,,
64700,21,2.5,-7.364,-11.951,0.255102041,,,,,,,,,,,,,,,,,
64701,21.025,3.064,-2.448,-14.801,0.312653061,,,,,,,,,,,,,,,,,
64702,21.05,3.336,-6.451,-12.614,0.340408163,,,,,,,,,,,,,,,,,
64703,21.075,2.142,-5.507,-10.73,0.218571429,,,,,,,,,,,,,,,,,
64704,21.1,3.731,-1.252,-16.795,0.380714286,,,,,,,,,,,,,,,,,
64705,21.125,2.522,-6.176,-15.803,0.257346939,,,,,,,,,,,,,,,,,
64706,21.15,3.908,-4.04,-16.471,0.39877551,,,,,,,,,,,,,,,,,
64707,21.175,2.723,1.664,-18.67,0.277857143,,,,,,,,,,,,,,,,,
64708,21.2,2.426,-7.205,-16.684,0.24755102,,,,,,,,,,,,,,,,,
64709,21.225,4.147,-0.515,-20.813,0.423163265,,,,,,,,,,,,,,,,,
64710,21.25,3.196,-3,-18.42,0.326122449,,,,,,,,,,,,,,,,,
64711,21.275,3.578,-6.15,-17.749,0.365102041,,,,,,,,,,,,,,,,,
64712,21.3,4.186,1.306,-19.932,0.427142857,,,,,,,,,,,,,,,,,
64713,21.325,5.245,-7.15,-19.777,0.535204082,,,,,,,,,,,,,,,,,
64714,21.35,5.697,-6.592,-21.385,0.581326531,,,,,,,,,,,,,,,,,
64715,21.375,4.845,2.183,-19.876,0.494387755,,,,,,,,,,,,,,,,,
64716,21.4,4.504,-0.259,-19.794,0.459591837,,,,,,,,,,,,,,,,,
64717,21.425,3.568,1.68,-19.925,0.364081633,,,,,,,,,,,,,,,,,
64718,21.45,4.64,9.338,-22.301,0.473469388,,,,,,,,,,,,,,,,,
64719,21.475,3.295,8.551,-22.629,0.33622449,,,,,,,,,,,,,,,,,
64720,21.5,2.812,11.365,-17.85,0.286938776,,,,,,,,,,,,,,,,,
64721,21.525,2.121,5.311,-19.882,0.216428571,,,,,,,,,,,,,,,,,
64722,21.55,3.349,5.892,-15.758,0.341734694,,,,,,,,,,,,,,,,,
64723,21.575,1.276,7.202,-15.038,0.130204082,,,,,,,,,,,,,,,,,
64724,21.601,2.849,11.881,-16.084,0.290714286,,,,,,,,,,,,,,,,,
64725,21.625,1.663,4.948,-10.891,0.169693878,,,,,,,,,,,,,,,,,
64726,21.65,4.61,8.531,-13.126,0.470408163,,,,,,,,,,,,,,,,,
64727,21.675,4.398,5.757,-12.772,0.44877551,,,,,,,,,,,,,,,,,
64728,21.7,4.579,5.729,-10.118,0.467244898,,,,,,,,,,,,,,,,,
64729,21.725,4.633,0.487,-11.522,0.472755102,,,,,,,,,,,,,,,,,
64730,21.75,3.671,11.888,-12.013,0.374591837,,,,,,,,,,,,,,,,,
64731,21.775,3.053,8.927,-11.272,0.311530612,,,,,,,,,,,,,,,,,
64732,21.8,3.135,11.564,-8.945,0.319897959,,,,,,,,,,,,,,,,,
64733,21.825,4.354,9.977,-11.284,0.444285714,,,,,,,,,,,,,,,,,
64734,21.85,2.7,8.171,-6.605,0.275510204,,,,,,,,,,,,,,,,,
64735,21.875,4.109,12.031,-2.836,0.419285714,,,,,,,,,,,,,,,,,
64736,21.9,2.283,12.013,-6.788,0.232959184,,,,,,,,,,,,,,,,,
64737,21.925,3.873,13.772,-3.78,0.395204082,,,,,,,,,,,,,,,,,
64738,21.95,1.491,13.259,-1.082,0.152142857,,,,,,,,,,,,,,,,,
64739,21.975,4.67,16.191,-1.248,0.476530612,,,,,,,,,,,,,,,,,
64740,22,1.434,17.934,-2.342,0.146326531,,,,,,,,,,,,,,,,,
64741,22.025,2.74,16.516,-2.717,0.279591837,,,,,,,,,,,,,,,,,
64742,22.05,2.97,14.607,-3.446,0.303061224,,,,,,,,,,,,,,,,,
64743,22.075,0.154,12.473,2.392,0.015714286,,,,,,,,,,,,,,,,,
64744,22.1,0.644,10.294,2.957,0.065714286,,,,,,,,,,,,,,,,,
64745,22.125,1.923,9.752,1.549,0.19622449,,,,,,,,,,,,,,,,,
64746,22.15,2.645,10.959,1.221,0.269897959,,,,,,,,,,,,,,,,,
64747,22.175,1.889,11.052,4.738,0.192755102,,,,,,,,,,,,,,,,,
64748,22.2,2.674,7.456,4.246,0.272857143,,,,,,,,,,,,,,,,,
64749,22.225,2.461,7.894,3.079,0.251122449,,,,,,,,,,,,,,,,,
64750,22.25,2.368,7.663,4.192,0.241632653,,,,,,,,,,,,,,,,,
64751,22.275,2.469,6.924,5.101,0.251938776,,,,,,,,,,,,,,,,,
64752,22.3,2.166,4.312,6.328,0.221020408,,,,,,,,,,,,,,,,,
64753,22.325,2.436,4.294,6.232,0.248571429,,,,,,,,,,,,,,,,,
64754,22.35,1.935,4.231,6.744,0.19744898,,,,,,,,,,,,,,,,,
64755,22.375,1.636,2.901,7.599,0.166938776,,,,,,,,,,,,,,,,,
64756,22.4,1.603,1.807,8.24,0.163571429,,,,,,,,,,,,,,,,,
64757,22.425,1.575,3.705,8.61,0.160714286,,,,,,,,,,,,,,,,,
64758,22.45,1.496,2.61,9.766,0.152653061,,,,,,,,,,,,,,,,,
64759,22.475,1.334,2.76,9.63,0.136122449,,,,,,,,,,,,,,,,,
64760,22.5,0.922,3.547,11.074,0.094081633,,,,,,,,,,,,,,,,,
64761,22.525,1.214,1.516,11.469,0.123877551,,,,,,,,,,,,,,,,,
64762,22.55,1.164,3.714,12.368,0.11877551,,,,,,,,,,,,,,,,,
64763,22.575,1.603,4.114,12.001,0.163571429,,,,,,,,,,,,,,,,,
64764,22.6,0.732,6.041,11.529,0.074693878,,,,,,,,,,,,,,,,,
64765,22.625,0.496,6.966,11.294,0.050612245,,,,,,,,,,,,,,,,,
64766,22.651,0.387,5.567,12.451,0.039489796,,,,,,,,,,,,,,,,,
64767,22.675,1.285,10.516,11.536,0.131122449,,,,,,,,,,,,,,,,,
64768,22.7,1.299,6.739,11.162,0.13255102,,,,,,,,,,,,,,,,,
64769,22.725,1.705,8.758,10.72,0.173979592,,,,,,,,,,,,,,,,,
64770,22.75,0.162,10.28,8.559,0.016530612,,,,,,,,,,,,,,,,,
64771,22.775,0.799,12.136,8.04,0.081530612,,,,,,,,,,,,,,,,,
64772,22.8,1.879,10.35,5.672,0.191734694,,,,,,,,,,,,,,,,,
64773,22.825,1.408,8.931,4.455,0.143673469,,,,,,,,,,,,,,,,,
64774,22.85,0.991,8.635,4.894,0.101122449,,,,,,,,,,,,,,,,,
64775,22.875,1.569,10.438,4.442,0.160102041,,,,,,,,,,,,,,,,,
64776,22.9,1.033,7.742,4.357,0.105408163,,,,,,,,,,,,,,,,,
64777,22.925,1.408,6.641,3.796,0.143673469,,,,,,,,,,,,,,,,,
64778,22.95,1.552,6.458,3.169,0.158367347,,,,,,,,,,,,,,,,,
64779,22.975,1.336,5.863,3.524,0.136326531,,,,,,,,,,,,,,,,,
64780,23,1.371,5.169,3.01,0.139897959,,,,,,,,,,,,,,,,,
64781,23.025,1.478,5.039,2.929,0.150816327,,,,,,,,,,,,,,,,,
64782,23.05,2.615,3.694,3.915,0.266836735,,,,,,,,,,,,,,,,,
64783,23.075,1.574,2.69,3.33,0.160612245,,,,,,,,,,,,,,,,,
64784,23.1,1.633,2.556,4.129,0.166632653,,,,,,,,,,,,,,,,,
64785,23.125,1.889,2.366,4.288,0.192755102,,,,,,,,,,,,,,,,,
64786,23.15,1.926,1.835,5,0.196530612,,,,,,,,,,,,,,,,,
64787,23.175,1.87,1.242,5.472,0.190816327,,,,,,,,,,,,,,,,,
64788,23.2,1.92,0.86,6.108,0.195918367,,,,,,,,,,,,,,,,,
64789,23.225,2.056,0.714,7.279,0.209795918,,,,,,,,,,,,,,,,,
64790,23.25,1.751,0.867,8.199,0.178673469,,,,,,,,,,,,,,,,,
64791,23.275,1.755,0.805,9.026,0.179081633,,,,,,,,,,,,,,,,,
64792,23.3,1.806,0.976,10.253,0.184285714,,,,,,,,,,,,,,,,,
64793,23.325,1.689,3.58,10.809,0.172346939,,,,,,,,,,,,,,,,,
64794,23.35,1.735,2.724,11.572,0.177040816,,,,,,,,,,,,,,,,,
64795,23.375,1.458,7.535,11.062,0.14877551,,,,,,,,,,,,,,,,,
64796,23.4,1.641,9.15,10.414,0.16744898,,,,,,,,,,,,,,,,,
64797,23.425,1.362,10.469,10.655,0.138979592,,,,,,,,,,,,,,,,,
64798,23.45,2.735,12.402,9.543,0.279081633,,,,,,,,,,,,,,,,,
64799,23.475,2.306,11.295,9.469,0.235306122,,,,,,,,,,,,,,,,,
64800,23.5,0.597,18.685,7.686,0.060918367,,,,,,,,,,,,,,,,,
64801,23.525,3.371,19.869,-1.773,0.343979592,,,,,,,,,,,,,,,,,
64802,23.55,1.98,16.211,0.275,0.202040816,,,,,,,,,,,,,,,,,
64803,23.575,1.742,12.683,3.916,0.177755102,,,,,,,,,,,,,,,,,
64804,23.6,1.062,11.94,-3.71,0.108367347,,,,,,,,,,,,,,,,,
64805,23.626,1.171,12.308,-5.67,0.119489796,,,,,,,,,,,,,,,,,
64806,23.65,1.763,10.432,-3.29,0.179897959,,,,,,,,,,,,,,,,,
64807,23.675,0.389,9.185,-2.82,0.039693878,,,,,,,,,,,,,,,,,
64808,23.7,1.277,7.099,-6.051,0.130306122,,,,,,,,,,,,,,,,,
64809,23.725,0.745,4.17,-6.633,0.076020408,,,,,,,,,,,,,,,,,
64810,23.75,1.367,4.738,-6.474,0.139489796,,,,,,,,,,,,,,,,,
64811,23.775,1.514,3.596,-6.83,0.154489796,,,,,,,,,,,,,,,,,
64812,23.8,1.182,3.223,-5.918,0.120612245,,,,,,,,,,,,,,,,,
64813,23.825,1.255,2.422,-6.092,0.128061224,,,,,,,,,,,,,,,,,
64814,23.85,1.37,2.744,-4.885,0.139795918,,,,,,,,,,,,,,,,,
64815,23.875,1.61,2.286,-5.064,0.164285714,,,,,,,,,,,,,,,,,
64816,23.9,1.711,1.78,-4.014,0.174591837,,,,,,,,,,,,,,,,,
64817,23.925,1.612,2.21,-3.792,0.164489796,,,,,,,,,,,,,,,,,
64818,23.95,1.739,1.556,-3.664,0.17744898,,,,,,,,,,,,,,,,,
64819,23.975,1.947,1.69,-3.051,0.198673469,,,,,,,,,,,,,,,,,
64820,24,1.789,1.747,-2.677,0.18255102,,,,,,,,,,,,,,,,,
64821,24.025,1.877,1.881,-2.289,0.191530612,,,,,,,,,,,,,,,,,
64822,24.05,1.831,1.83,-1.961,0.186836735,,,,,,,,,,,,,,,,,
64823,24.075,1.817,2.241,-1.647,0.185408163,,,,,,,,,,,,,,,,,
64824,24.1,1.782,2.655,-1.145,0.181836735,,,,,,,,,,,,,,,,,
64825,24.125,1.942,3.142,-0.923,0.198163265,,,,,,,,,,,,,,,,,
64826,24.15,1.86,3.675,-0.657,0.189795918,,,,,,,,,,,,,,,,,
64827,24.175,2.035,4.213,-0.411,0.207653061,,,,,,,,,,,,,,,,,
64828,24.2,2.161,4.891,-0.039,0.220510204,,,,,,,,,,,,,,,,,
64829,24.225,2.038,5.54,0.076,0.207959184,,,,,,,,,,,,,,,,,
64830,24.25,2.154,6.338,0.279,0.219795918,,,,,,,,,,,,,,,,,
64831,24.275,2.036,7.121,-0.244,0.207755102,,,,,,,,,,,,,,,,,
64832,24.3,2.158,7.857,0.36,0.220204082,,,,,,,,,,,,,,,,,
64833,24.325,1.723,8.543,0.038,0.175816327,,,,,,,,,,,,,,,,,
64834,24.35,2.051,9.045,-0.796,0.209285714,,,,,,,,,,,,,,,,,
64835,24.375,2.331,9.538,-1.804,0.237857143,,,,,,,,,,,,,,,,,
64836,24.4,1.981,9.268,-2.663,0.202142857,,,,,,,,,,,,,,,,,
64837,24.425,2.196,9.237,-4.325,0.224081633,,,,,,,,,,,,,,,,,
64838,24.45,1.849,9.994,-4.25,0.188673469,,,,,,,,,,,,,,,,,
64839,24.475,1.365,10.422,-7.579,0.139285714,,,,,,,,,,,,,,,,,
64840,24.5,1.458,11.192,-6.561,0.14877551,,,,,,,,,,,,,,,,,
64841,24.525,1.401,12.26,-6.114,0.142959184,,,,,,,,,,,,,,,,,
64842,24.55,0.886,16.28,-5.294,0.090408163,,,,,,,,,,,,,,,,,
64843,24.575,0.952,16.787,-7.385,0.097142857,,,,,,,,,,,,,,,,,
64844,24.6,0.853,13.056,-8.744,0.087040816,,,,,,,,,,,,,,,,,
64845,24.625,0.431,10.912,-8.503,0.043979592,,,,,,,,,,,,,,,,,
64846,24.65,1.149,14.375,-8.316,0.117244898,,,,,,,,,,,,,,,,,
64847,24.675,0.441,13.07,-8.01,0.045,,,,,,,,,,,,,,,,,
64848,24.7,1.478,13.967,-8.382,0.150816327,,,,,,,,,,,,,,,,,
64849,24.725,1.055,8.713,-10.107,0.107653061,,,,,,,,,,,,,,,,,
64850,24.75,0.931,13.624,-6.767,0.095,,,,,,,,,,,,,,,,,
64851,24.775,0.425,9.839,-5.213,0.043367347,,,,,,,,,,,,,,,,,
64852,24.8,1.879,7.866,-8.198,0.191734694,,,,,,,,,,,,,,,,,
64853,24.825,0.789,8.044,-5.821,0.080510204,,,,,,,,,,,,,,,,,
64854,24.85,1.738,8.942,-3.909,0.177346939,,,,,,,,,,,,,,,,,
64855,24.875,1.28,9.001,-2.117,0.130612245,,,,,,,,,,,,,,,,,
64856,24.9,1.406,9.037,-0.147,0.143469388,,,,,,,,,,,,,,,,,
64857,24.925,2.146,9.183,0.136,0.218979592,,,,,,,,,,,,,,,,,
64858,24.95,1.994,9.508,0.103,0.203469388,,,,,,,,,,,,,,,,,
64859,24.975,1.605,9.382,1.418,0.16377551,,,,,,,,,,,,,,,,,
64860,25,1.724,9.097,1.384,0.175918367,,,,,,,,,,,,,,,,,
64861,25.025,1.647,9.101,1.393,0.168061224,,,,,,,,,,,,,,,,,
64862,25.05,1.841,8.462,1.416,0.187857143,,,,,,,,,,,,,,,,,
64863,25.075,1.93,8.73,1.445,0.196938776,,,,,,,,,,,,,,,,,
64864,25.1,1.356,8.761,1.933,0.138367347,,,,,,,,,,,,,,,,,
64865,25.125,1.58,7.827,2.195,0.16122449,,,,,,,,,,,,,,,,,
64866,25.15,1.84,8.061,2.031,0.187755102,,,,,,,,,,,,,,,,,
64867,25.175,2.028,7.902,2.638,0.206938776,,,,,,,,,,,,,,,,,
64868,25.2,1.993,7.259,2.391,0.203367347,,,,,,,,,,,,,,,,,
64869,25.226,1.97,8.127,2.357,0.201020408,,,,,,,,,,,,,,,,,
64870,25.25,2.025,7.942,3.293,0.206632653,,,,,,,,,,,,,,,,,
64871,25.275,2.173,7.898,3.53,0.221734694,,,,,,,,,,,,,,,,,
64872,25.3,2.009,7.871,4.639,0.205,,,,,,,,,,,,,,,,,
64873,25.325,2.493,6.763,4.844,0.254387755,,,,,,,,,,,,,,,,,
64874,25.35,1.877,8.028,5.803,0.191530612,,,,,,,,,,,,,,,,,
64875,25.375,2.326,7.751,7.157,0.237346939,,,,,,,,,,,,,,,,,
64876,25.4,2.119,7.496,7.609,0.21622449,,,,,,,,,,,,,,,,,
64877,25.425,2.118,8.295,7.871,0.216122449,,,,,,,,,,,,,,,,,
64878,25.451,2.045,8.103,9.743,0.208673469,,,,,,,,,,,,,,,,,
64879,25.475,1.773,8.216,9.209,0.180918367,,,,,,,,,,,,,,,,,
64880,25.5,2.053,8.823,9.592,0.209489796,,,,,,,,,,,,,,,,,
64881,25.525,2.076,9.612,10.752,0.211836735,,,,,,,,,,,,,,,,,
64882,25.55,2.295,12.144,9.842,0.234183673,,,,,,,,,,,,,,,,,
64883,25.575,1.223,10.536,9.825,0.124795918,,,,,,,,,,,,,,,,,
64884,25.601,2.196,11.783,8.654,0.224081633,,,,,,,,,,,,,,,,,
64885,25.625,1.283,12.287,9.396,0.130918367,,,,,,,,,,,,,,,,,
64886,25.65,1.441,12.89,8.95,0.147040816,,,,,,,,,,,,,,,,,
64887,25.675,1.074,12.411,8.365,0.109591837,,,,,,,,,,,,,,,,,
64888,25.7,1.803,9.101,9.595,0.183979592,,,,,,,,,,,,,,,,,
64889,25.725,1.11,13.483,7.373,0.113265306,,,,,,,,,,,,,,,,,
64890,25.751,1.448,11.992,7.858,0.147755102,,,,,,,,,,,,,,,,,
64891,25.775,2.24,8.213,7.857,0.228571429,,,,,,,,,,,,,,,,,
64892,25.8,1.196,8.617,6.315,0.122040816,,,,,,,,,,,,,,,,,
64893,25.826,2.08,9.186,6.149,0.212244898,,,,,,,,,,,,,,,,,
64894,25.85,1.379,8.045,7.491,0.140714286,,,,,,,,,,,,,,,,,
64895,25.875,1.887,7.02,5.89,0.19255102,,,,,,,,,,,,,,,,,
64896,25.901,1.581,7.943,5.193,0.161326531,,,,,,,,,,,,,,,,,
64897,25.925,1.656,7.289,6.618,0.168979592,,,,,,,,,,,,,,,,,
64898,25.95,1.837,6.493,6.031,0.18744898,,,,,,,,,,,,,,,,,
64899,25.975,1.806,5.339,6.424,0.184285714,,,,,,,,,,,,,,,,,
64900,26,1.717,4.677,6.263,0.175204082,,,,,,,,,,,,,,,,,
64901,26.025,1.784,3.576,6.251,0.182040816,,,,,,,,,,,,,,,,,
64902,26.051,2.035,4.157,6.458,0.207653061,,,,,,,,,,,,,,,,,
64903,26.075,1.943,3.168,6.422,0.198265306,,,,,,,,,,,,,,,,,
64904,26.1,2.002,3.075,6.393,0.204285714,,,,,,,,,,,,,,,,,
64905,26.125,2.21,2.112,6.361,0.225510204,,,,,,,,,,,,,,,,,
64906,26.15,2.052,1.629,6.38,0.209387755,,,,,,,,,,,,,,,,,
64907,26.175,2.178,1.416,6.587,0.222244898,,,,,,,,,,,,,,,,,
64908,26.201,2.178,0.696,6.299,0.222244898,,,,,,,,,,,,,,,,,
64909,26.225,2.117,0.256,6.459,0.216020408,,,,,,,,,,,,,,,,,
64910,26.25,2.15,-0.211,6.844,0.219387755,,,,,,,,,,,,,,,,,
64911,26.275,1.891,0.43,6.912,0.192959184,,,,,,,,,,,,,,,,,
64912,26.3,1.82,-0.313,7.436,0.185714286,,,,,,,,,,,,,,,,,
64913,26.325,1.71,-0.075,7.567,0.174489796,,,,,,,,,,,,,,,,,
64914,26.351,1.69,0.455,8.247,0.17244898,,,,,,,,,,,,,,,,,
64915,26.375,1.549,1.326,8.38,0.158061224,,,,,,,,,,,,,,,,,
64916,26.4,1.567,1.482,8.924,0.159897959,,,,,,,,,,,,,,,,,
64917,26.425,1.799,2.415,9.444,0.183571429,,,,,,,,,,,,,,,,,
64918,26.45,1.779,3.616,9.537,0.181530612,,,,,,,,,,,,,,,,,
64919,26.475,1.856,6.281,9.072,0.189387755,,,,,,,,,,,,,,,,,
64920,26.501,1.727,7.125,9.407,0.17622449,,,,,,,,,,,,,,,,,
64921,26.525,1.959,7.426,8.41,0.199897959,,,,,,,,,,,,,,,,,
64922,26.55,2.106,9.447,6.509,0.214897959,,,,,,,,,,,,,,,,,
64923,26.575,2.699,10.865,5.765,0.275408163,,,,,,,,,,,,,,,,,
64924,26.6,2.725,11.974,5.391,0.278061224,,,,,,,,,,,,,,,,,
64925,26.625,2.283,13.401,3.402,0.232959184,,,,,,,,,,,,,,,,,
64926,26.651,2.404,14.297,4.878,0.245306122,,,,,,,,,,,,,,,,,
64927,26.675,1.928,15.359,3.11,0.196734694,,,,,,,,,,,,,,,,,
64928,26.7,2.511,14.342,-0.573,0.25622449,,,,,,,,,,,,,,,,,
64929,26.725,2.237,12.564,-3.132,0.228265306,,,,,,,,,,,,,,,,,
64930,26.75,2.028,10.944,-6.111,0.206938776,,,,,,,,,,,,,,,,,
64931,26.775,1.753,10.607,-10.811,0.178877551,,,,,,,,,,,,,,,,,
64932,26.801,1.947,8.126,-13.099,0.198673469,,,,,,,,,,,,,,,,,
64933,26.825,1.906,10.104,-13.071,0.194489796,,,,,,,,,,,,,,,,,
64934,26.85,1.833,7.383,-15.544,0.187040816,,,,,,,,,,,,,,,,,
64935,26.875,1.068,9.519,-15.082,0.108979592,,,,,,,,,,,,,,,,,
64936,26.9,1.787,8.619,-16.889,0.182346939,,,,,,,,,,,,,,,,,
64937,26.925,1.714,3.626,-16.577,0.174897959,,,,,,,,,,,,,,,,,
64938,26.951,1.379,2.412,-16.261,0.140714286,,,,,,,,,,,,,,,,,
64939,26.975,1.487,-3.506,-13.831,0.151734694,,,,,,,,,,,,,,,,,
64940,27,1.653,-2.84,-13.805,0.168673469,,,,,,,,,,,,,,,,,
64941,27.025,1.628,-7.652,-11.034,0.166122449,,,,,,,,,,,,,,,,,
64942,27.05,2.024,-9.486,-10.329,0.206530612,,,,,,,,,,,,,,,,,
64943,27.075,1.561,-10.458,-8.802,0.159285714,,,,,,,,,,,,,,,,,
64944,27.101,2.175,-10.785,-8.395,0.221938776,,,,,,,,,,,,,,,,,
64945,27.125,1.712,-11.299,-7.218,0.174693878,,,,,,,,,,,,,,,,,
64946,27.15,2.346,-9.358,-7.709,0.239387755,,,,,,,,,,,,,,,,,
64947,27.175,1.898,-8.985,-7.274,0.193673469,,,,,,,,,,,,,,,,,
64948,27.2,2.525,-8.876,-7.053,0.257653061,,,,,,,,,,,,,,,,,
64949,27.225,2.304,-8.811,-6.59,0.235102041,,,,,,,,,,,,,,,,,
64950,27.251,2.067,-5.491,-8.393,0.210918367,,,,,,,,,,,,,,,,,
64951,27.275,2.022,-3.858,-8.573,0.206326531,,,,,,,,,,,,,,,,,
64952,27.3,2.294,-2.739,-9.474,0.234081633,,,,,,,,,,,,,,,,,
64953,27.325,2.095,-0.205,-10.484,0.21377551,,,,,,,,,,,,,,,,,
64954,27.35,2.09,1.095,-10.875,0.213265306,,,,,,,,,,,,,,,,,
64955,27.375,1.874,1.204,-11.164,0.19122449,,,,,,,,,,,,,,,,,
64956,27.401,2.038,5.58,-12.205,0.207959184,,,,,,,,,,,,,,,,,
64957,27.425,1.973,5.875,-12.559,0.201326531,,,,,,,,,,,,,,,,,
64958,27.45,2.156,6.028,-12.852,0.22,,,,,,,,,,,,,,,,,
