Time,Altitude,Temp,Voltage
0,1,109.8,9.4
0.05,2,109.8,9.4
0.1,2,109.8,9.4
0.15,0,109.8,9.4
0.2,1,109.8,9.4
0.25,2,109.8,9.4
0.3,1,109.8,9.4
0.35,0,109.8,9.4
0.4,1,109.8,9.4
0.45,1,109.8,9.4
0.5,0,109.8,9.4
0.55,-23,109.8,9.4
0.6,4,109.8,9.4
0.65,2,109.8,9.4
0.7,8,109.8,9.4
0.75,11,109.8,9.4
0.8,17,109.8,9.4
0.85,22,109.7,9.4
0.9,32,109.8,9.4
0.95,41,109.8,9.4
1,52,109.8,9.4
1.05,65,109.8,9.4
1.1,78,109.8,9.4
1.15,95,109.8,9.4
1.2,109,109.8,9.4
1.25,125,109.8,9.4
1.3,141,109.7,9.4
1.35,152,109.8,9.4
1.4,169,109.8,9.4
1.45,187,109.8,9.4
1.5,208,109.8,9.4
1.55,229,109.8,9.4
1.6,251,109.8,9.4
1.65,275,109.8,9.4
1.7,303,109.8,9.4
1.75,330,109.8,9.4
1.8,358,109.8,9.4
1.85,386,109.8,9.4
1.9,420,109.8,9.4
1.95,452,109.8,9.4
2,487,109.8,9.4
2.05,520,109.8,9.4
2.1,556,109.8,9.4
2.15,592,109.8,9.4
2.2,628,109.8,9.4
2.25,667,109.8,9.4
2.3,710,109.8,9.4
2.35,752,109.8,9.4
2.4,794,109.8,9.4
2.45,839,109.8,9.4
2.5,883,109.8,9.4
2.55,928,109.8,9.4
2.6,978,109.8,9.4
2.65,1027,109.8,9.4
2.7,1079,109.8,9.4
2.75,1128,109.8,9.4
2.8,1175,109.8,9.4
2.85,1225,109.8,9.4
2.9,1279,109.8,9.4
2.95,1339,109.8,9.4
3,1394,109.8,9.4
3.05,1448,109.8,9.4
3.1,1504,109.8,9.4
3.15,1553,109.8,9.4
3.2,1608,109.8,9.4
3.25,1657,109.8,9.4
3.3,1692,109.8,9.4
3.35,1729,109.8,9.4
3.4,1767,109.8,9.4
3.45,1812,109.8,9.4
3.5,1853,109.8,9.4
3.55,1896,109.8,9.4
3.6,1938,109.8,9.4
3.65,1976,109.8,9.4
3.7,2016,109.8,9.4
3.75,2056,109.8,9.4
3.8,2095,109.8,9.4
3.85,2136,109.8,9.4
3.9,2174,109.8,9.4
3.95,2218,109.8,9.4
4,2261,109.8,9.4
4.05,2295,109.8,9.4
4.1,2334,109.8,9.4
4.15,2374,109.8,9.4
4.2,2413,109.8,9.4
4.25,2453,109.8,9.4
4.3,2492,109.8,9.4
4.35,2533,109.8,9.4
4.4,2570,109.8,9.4
4.45,2609,109.8,9.4
4.5,2649,109.8,9.4
4.55,2688,109.8,9.4
4.6,2724,109.8,9.4
4.65,2761,109.7,9.4
4.7,2799,109.7,9.4
4.75,2836,109.7,9.4
4.8,2875,109.7,9.4
4.85,2909,109.7,9.4
4.9,2947,109.7,9.4
4.95,2984,109.7,9.4
5,3020,109.7,9.4
5.05,3055,109.7,9.4
5.1,3091,109.7,9.4
5.15,3129,109.7,9.4
5.2,3166,109.7,9.4
5.25,3202,109.7,9.4
5.3,3238,109.7,9.4
5.35,3276,109.7,9.4
5.4,3311,109.7,9.4
5.45,3350,109.7,9.4
5.5,3381,109.7,9.4
5.55,3415,109.7,9.4
5.6,3448,109.7,9.4
5.65,3485,109.7,9.4
5.7,3520,109.7,9.4
5.75,3555,109.7,9.4
5.8,3591,109.7,9.4
5.85,3626,109.7,9.4
5.9,3659,109.7,9.4
5.95,3693,109.7,9.4
6,3727,109.7,9.4
6.05,3761,109.7,9.4
6.1,3792,109.7,9.4
6.15,3825,109.7,9.4
6.2,3857,109.7,9.4
6.25,3891,109.7,9.4
6.3,3926,109.7,9.4
6.35,3957,109.7,9.4
6.4,3991,109.7,9.4
6.45,4022,109.7,9.4
6.5,4056,109.7,9.4
6.55,4089,109.7,9.4
6.6,4119,109.7,9.4
6.65,4152,109.7,9.4
6.7,4183,109.7,9.4
6.75,4216,109.7,9.4
6.8,4248,109.7,9.4
6.85,4280,109.7,9.4
6.9,4311,109.7,9.4
6.95,4342,109.7,9.4
7,4373,109.7,9.4
7.05,4404,109.7,9.4
7.1,4433,109.7,9.4
7.15,4465,109.7,9.4
7.2,4496,109.7,9.4
7.25,4526,109.7,9.4
7.3,4557,109.7,9.4
7.35,4588,109.7,9.4
7.4,4618,109.7,9.4
7.45,4649,109.7,9.4
7.5,4678,109.7,9.4
7.55,4706,109.7,9.4
7.6,4737,109.7,9.4
7.65,4767,109.7,9.4
7.7,4796,109.7,9.4
7.75,4826,109.7,9.4
7.8,4854,109.7,9.4
7.85,4881,109.7,9.4
7.9,4911,109.7,9.4
7.95,4940,109.7,9.4
8,4967,109.7,9.4
8.05,4996,109.7,9.4
8.1,5023,109.7,9.4
8.15,5053,109.7,9.4
8.2,5080,109.6,9.4
8.25,5109,109.7,9.4
8.3,5138,109.6,9.4
8.35,5165,109.7,9.4
8.4,5191,109.6,9.4
8.45,5219,109.6,9.4
8.5,5247,109.6,9.4
8.55,5274,109.6,9.4
8.6,5301,109.6,9.4
8.65,5326,109.6,9.4
8.7,5353,109.6,9.4
8.75,5380,109.6,9.4
8.8,5407,109.6,9.4
8.85,5432,109.6,9.4
8.9,5458,109.6,9.4
8.95,5487,109.6,9.4
9,5513,109.6,9.4
9.05,5539,109.6,9.4
9.1,5564,109.6,9.4
9.15,5589,109.6,9.4
9.2,5617,109.6,9.4
9.25,5644,109.6,9.4
9.3,5667,109.6,9.4
9.35,5694,109.6,9.4
9.4,5719,109.6,9.4
9.45,5744,109.6,9.4
9.5,5769,109.6,9.4
9.55,5792,109.6,9.4
9.6,5819,109.6,9.4
9.65,5842,109.6,9.4
9.7,5868,109.6,9.4
9.75,5892,109.6,9.4
9.8,5916,109.6,9.4
9.85,5939,109.6,9.4
9.9,5964,109.6,9.4
9.95,5988,109.6,9.4
10,6012,109.6,9.4
10.05,6035,109.6,9.4
10.1,6060,109.6,9.4
10.15,6084,109.6,9.4
10.2,6107,109.6,9.4
10.25,6131,109.6,9.4
10.3,6154,109.6,9.4
10.35,6177,109.6,9.4
10.4,6198,109.6,9.4
10.45,6222,109.6,9.4
10.5,6245,109.6,9.4
10.55,6269,109.6,9.4
10.6,6290,109.6,9.4
10.65,6315,109.6,9.4
10.7,6337,109.6,9.4
10.75,6359,109.6,9.4
10.8,6381,109.6,9.4
10.85,6403,109.6,9.4
10.9,6426,109.6,9.4
10.95,6448,109.6,9.4
11,6470,109.6,9.4
11.05,6492,109.6,9.4
11.1,6514,109.6,9.4
11.15,6535,109.6,9.4
11.2,6557,109.6,9.4
11.25,6577,109.6,9.4
11.3,6597,109.6,9.4
11.35,6619,109.6,9.4
11.4,6639,109.6,9.4
11.45,6661,109.6,9.4
11.5,6682,109.6,9.4
11.55,6703,109.6,9.4
11.6,6724,109.6,9.4
11.65,6745,109.6,9.4
11.7,6766,109.6,9.4
11.75,6785,109.6,9.4
11.8,6806,109.6,9.4
11.85,6826,109.6,9.4
11.9,6846,109.6,9.4
11.95,6864,109.6,9.4
12,6884,109.6,9.4
12.05,6904,109.6,9.4
12.1,6924,109.6,9.4
12.15,6943,109.6,9.4
12.2,6963,109.6,9.4
12.25,6983,109.6,9.4
12.3,7003,109.6,9.4
12.35,7023,109.6,9.4
12.4,7042,109.6,9.4
12.45,7060,109.6,9.4
12.5,7079,109.6,9.4
12.55,7098,109.6,9.4
12.6,7117,109.6,9.4
12.65,7135,109.6,9.4
12.7,7153,109.6,9.4
12.75,7174,109.6,9.4
12.8,7191,109.6,9.4
12.85,7209,109.6,9.4
12.9,7227,109.6,9.4
12.95,7245,109.6,9.4
13,7263,109.6,9.4
13.05,7279,109.6,9.4
13.1,7297,109.6,9.4
13.15,7315,109.6,9.4
13.2,7333,109.6,9.4
13.25,7350,109.6,9.4
13.3,7367,109.6,9.4
13.35,7385,109.6,9.4
13.4,7402,109.6,9.4
13.45,7420,109.6,9.4
13.5,7437,109.6,9.4
13.55,7453,109.6,9.4
13.6,7470,109.6,9.4
13.65,7488,109.6,9.4
13.7,7504,109.6,9.4
13.75,7522,109.5,9.4
13.8,7537,109.6,9.4
13.85,7553,109.6,9.4
13.9,7570,109.6,9.4
13.95,7586,109.6,9.4
14,7602,109.6,9.4
14.05,7617,109.6,9.4
14.1,7633,109.6,9.4
14.15,7650,109.5,9.4
14.2,7665,109.6,9.4
14.25,7681,109.6,9.4
14.3,7696,109.6,9.4
14.35,7712,109.6,9.4
14.4,7727,109.6,9.4
14.45,7741,109.5,9.4
14.5,7758,109.6,9.4
14.55,7775,109.6,9.4
14.6,7787,109.6,9.4
14.65,7805,109.5,9.4
14.7,7819,109.6,9.4
14.75,7833,109.6,9.4
14.8,7849,109.5,9.4
14.85,7863,109.6,9.4
14.9,7877,109.6,9.4
14.95,7891,109.5,9.4
15,7906,109.6,9.4
15.05,7920,109.5,9.4
15.1,7934,109.5,9.4
15.15,7948,109.5,9.4
15.2,7962,109.6,9.4
15.25,7975,109.6,9.4
15.3,7989,109.6,9.4
15.35,8003,109.6,9.4
15.4,8019,109.5,9.4
15.45,8031,109.6,9.4
15.5,8045,109.5,9.4
15.55,8058,109.5,9.4
15.6,8073,109.5,9.4
15.65,8086,109.6,9.4
15.7,8098,109.5,9.4
15.75,8112,109.5,9.4
15.8,8125,109.5,9.4
15.85,8137,109.6,9.4
15.9,8151,109.5,9.4
15.95,8164,109.5,9.4
16,8175,109.5,9.4
16.05,8187,109.5,9.4
16.1,8200,109.5,9.4
16.15,8214,109.5,9.4
16.2,8224,109.5,9.4
16.25,8237,109.5,9.4
16.3,8249,109.5,9.4
16.35,8262,109.5,9.4
16.4,8275,109.5,9.4
16.45,8286,109.5,9.4
16.5,8298,109.5,9.4
16.55,8309,109.5,9.4
16.6,8323,109.5,9.4
16.65,8333,109.5,9.4
16.7,8343,109.5,9.4
16.75,8356,109.5,9.4
16.8,8366,109.5,9.4
16.85,8379,109.5,9.4
16.9,8391,109.5,9.4
16.95,8401,109.5,9.4
17,8411,109.5,9.4
17.05,8422,109.5,9.4
17.1,8432,109.5,9.4
17.15,8443,109.5,9.4
17.2,8454,109.5,9.4
17.25,8465,109.5,9.4
17.3,8476,109.6,9.4
17.35,8485,109.5,9.4
17.4,8497,109.5,9.4
17.45,8506,109.5,9.4
17.5,8517,109.5,9.4
17.55,8527,109.5,9.4
17.6,8537,109.5,9.4
17.65,8548,109.5,9.4
17.7,8558,109.5,9.4
17.75,8568,109.5,9.4
17.8,8578,109.5,9.4
17.85,8587,109.5,9.4
17.9,8597,109.5,9.4
17.95,8606,109.5,9.4
18,8615,109.5,9.4
18.05,8624,109.5,9.4
18.1,8633,109.5,9.4
18.15,8643,109.5,9.4
18.2,8651,109.5,9.4
18.25,8660,109.5,9.4
18.3,8670,109.5,9.4
18.35,8680,109.5,9.4
18.4,8686,109.5,9.4
18.45,8694,109.5,9.4
18.5,8705,109.5,9.4
18.55,8713,109.5,9.4
18.6,8722,109.5,9.4
18.65,8729,109.5,9.4
18.7,8739,109.5,9.4
18.75,8747,109.5,9.4
18.8,8754,109.5,9.4
18.85,8764,109.5,9.4
18.9,8772,109.5,9.4
18.95,8778,109.5,9.4
19,8786,109.5,9.4
19.05,8794,109.5,9.4
19.1,8802,109.5,9.4
19.15,8810,109.5,9.4
19.2,8818,109.5,9.4
19.25,8825,109.5,9.4
19.3,8833,109.5,9.4
19.35,8841,109.5,9.4
19.4,8847,109.5,9.4
19.45,8854,109.5,9.4
19.5,8861,109.5,9.4
19.55,8869,109.5,9.4
19.6,8875,109.5,9.4
19.65,8882,109.5,9.4
19.7,8889,109.5,9.4
19.75,8895,109.5,9.4
19.8,8903,109.5,9.4
19.85,8909,109.5,9.4
19.9,8915,109.5,9.4
19.95,8923,109.5,9.4
20,8928,109.5,9.4
20.05,8935,109.5,9.4
20.1,8941,109.5,9.4
20.15,8947,109.5,9.4
20.2,8953,109.5,9.4
20.25,8959,109.5,9.4
20.3,8964,109.5,9.4
20.35,8970,109.5,9.4
20.4,8975,109.5,9.4
20.45,8982,109.5,9.4
20.5,8988,109.5,9.4
20.55,8993,109.5,9.4
20.6,8999,109.5,9.4
20.65,9003,109.5,9.4
20.7,9007,109.5,9.4
20.75,9014,109.5,9.4
20.8,9019,109.5,9.4
20.85,9023,109.5,9.4
20.9,9028,109.5,9.4
20.95,9033,109.5,9.4
21,9038,109.5,9.4
21.05,9043,109.5,9.4
21.1,9047,109.5,9.4
21.15,9054,109.5,9.4
21.2,9057,109.5,9.4
21.25,9062,109.5,9.4
21.3,9066,109.5,9.4
21.35,9070,109.5,9.4
21.4,9074,109.5,9.4
21.45,9078,109.5,9.4
21.5,9082,109.5,9.4
21.55,9086,109.5,9.4
21.6,9090,109.5,9.4
21.65,9094,109.5,9.4
21.7,9097,109.5,9.4
21.75,9102,109.5,9.4
21.8,9105,109.5,9.4
21.85,9110,109.5,9.4
21.9,9112,109.5,9.4
21.95,9117,109.5,9.4
22,9120,109.5,9.4
22.05,9122,109.5,9.4
22.1,9127,109.5,9.4
22.15,9127,109.5,9.4
22.2,9132,109.5,9.4
22.25,9135,109.5,9.4
22.3,9138,109.5,9.4
22.35,9139,109.5,9.4
22.4,9143,109.5,9.4
22.45,9145,109.5,9.4
22.5,9148,109.5,9.4
22.55,9151,109.5,9.4
22.6,9152,109.5,9.4
22.65,9155,109.5,9.4
22.7,9158,109.5,9.4
22.75,9160,109.5,9.4
22.8,9162,109.5,9.4
22.85,9166,109.5,9.4
22.9,9166,109.5,9.4
22.95,9168,109.5,9.4
23,9169,109.5,9.4
23.05,9172,109.5,9.4
23.1,9172,109.5,9.4
23.15,9174,109.5,9.4
23.2,9176,109.5,9.4
23.25,9178,109.5,9.4
23.3,9178,109.5,9.4
23.35,9180,109.5,9.4
23.4,9181,109.5,9.4
23.45,9181,109.5,9.4
23.5,9183,109.5,9.4
23.55,9183,109.5,9.4
23.6,9186,109.5,9.4
23.65,9186,109.5,9.4
23.7,9187,109.5,9.4
23.75,9188,109.5,9.4
23.8,9188,109.5,9.4
23.85,9188,109.5,9.4
23.9,9189,109.5,9.4
23.95,9154,109.5,9.4
24,9192,109.5,9.4
24.05,9196,109.5,9.4
24.1,9196,109.5,9.4
24.15,9196,109.5,9.4
24.2,9196,109.5,9.4
24.25,9196,109.5,9.4
24.3,9197,109.5,9.4
24.35,9196,109.5,9.4
24.4,9197,109.5,9.4
24.45,9196,109.5,9.4
24.5,9196,109.5,9.4
24.55,9196,109.5,9.4
24.6,9197,109.5,9.4
24.65,9197,109.5,9.4
24.7,9196,109.5,9.4
24.75,9195,109.5,9.4
24.8,9195,109.5,9.4
24.85,9194,109.5,9.4
24.9,9194,109.5,9.3
24.95,9193,109.5,9.4
25,9192,109.5,9.4
25.05,9190,109.5,9.4
25.1,9189,109.6,9.4
25.15,9189,109.5,9.4
25.2,9186,109.5,9.4
25.25,9184,109.6,9.4
25.3,9182,109.5,9.4
25.35,9181,109.5,9.4
25.4,9179,109.5,9.4
25.45,9178,109.5,9.4
25.5,9179,109.5,9.4
25.55,9178,109.5,9.4
25.6,9178,109.5,9.4
25.65,9177,109.5,9.4
25.7,9178,109.5,9.4
25.75,9176,109.5,9.4
25.8,9177,109.5,9.4
25.85,9173,109.5,9.4
25.9,9168,109.5,9.4
25.95,9169,109.5,9.4
26,9166,109.5,9.4
26.05,9165,109.5,9.4
26.1,9158,109.5,9.4
26.15,9157,109.5,9.4
26.2,9159,109.5,9.4
26.25,9156,109.5,9.4
26.3,9154,109.5,9.4
26.35,9151,109.5,9.4
26.4,9148,109.5,9.4
26.45,9144,109.5,9.4
26.5,9140,109.5,9.4
26.55,9134,109.5,9.4
26.6,9126,109.5,9.4
26.65,9123,109.5,9.4
26.7,9119,109.5,9.4
26.75,9115,109.5,9.4
26.8,9114,109.5,9.4
26.85,9112,109.5,9.4
26.9,9113,109.5,9.4
26.95,9114,109.5,9.4
27,9115,109.5,9.4
27.05,9114,109.5,9.4
27.1,9121,109.5,9.4
27.15,9128,109.5,9.4
27.2,9127,109.5,9.4
27.25,9104,109.5,9.4
27.3,9100,109.5,9.4
27.35,9094,109.5,9.4
27.4,9091,109.5,9.4
27.45,9088,109.5,9.4
27.5,9095,109.5,9.4
27.55,9095,109.5,9.4
27.6,9090,109.5,9.4
27.65,9082,109.5,9.4
27.7,9072,109.5,9.4
27.75,9062,109.5,9.4
27.8,9055,109.5,9.4
27.85,9055,109.5,9.4
27.9,9046,109.5,9.4
27.95,9040,109.5,9.4
28,9036,109.5,9.4
28.05,9034,109.5,9.4
28.1,9032,109.5,9.4
28.15,9030,109.5,9.4
28.2,9028,109.5,9.4
28.25,9025,109.5,9.4
28.3,9027,109.5,9.4
28.35,9031,109.5,9.4
28.4,9032,109.5,9.4
28.45,9031,109.5,9.4
28.5,9032,109.5,9.4
28.55,9036,109.5,9.4
28.6,9030,109.5,9.4
28.65,9023,109.5,9.4
28.7,9022,109.5,9.4
28.75,9014,109.5,9.4
28.8,9014,109.5,9.4
28.85,9015,109.5,9.4
28.9,9007,109.5,9.4
28.95,8997,109.5,9.4
29,8996,109.5,9.4
29.05,8989,109.5,9.4
29.1,8977,109.5,9.4
29.15,8971,109.5,9.4
29.2,8965,109.5,9.4
29.25,8956,109.5,9.4
29.3,8945,109.5,9.4
29.35,8939,109.5,9.4
29.4,8937,109.5,9.4
29.45,8935,109.5,9.4
29.5,8942,109.5,9.4
29.55,8951,109.5,9.4
29.6,8967,109.5,9.4
29.65,8979,109.5,9.4
29.7,8982,109.5,9.4
29.75,8982,109.5,9.4
29.8,8981,109.5,9.4
29.85,8965,109.5,9.4
29.9,8945,109.5,9.4
29.95,8938,109.5,9.4
30,8935,109.5,9.4
30.05,8935,109.5,9.4
30.1,8932,109.5,9.4
30.15,8940,109.5,9.4
30.2,8947,109.5,9.4
30.25,8941,109.5,9.4
30.3,8938,109.5,9.4
30.35,8933,109.5,9.4
30.4,8916,109.5,9.4
30.45,8881,109.5,9.4
30.5,8860,109.5,9.4
30.55,8857,109.5,9.4
30.6,8851,109.5,9.4
30.65,8849,109.5,9.4
30.7,8849,109.5,9.4
30.75,8846,109.5,9.4
30.8,8859,109.5,9.4
30.85,8872,109.5,9.4
30.9,8874,109.5,9.4
30.95,8877,109.5,9.4
31,8877,109.5,9.4
31.05,8873,109.5,9.4
31.1,8869,109.4,9.4
31.15,8852,109.4,9.4
31.2,8847,109.4,9.4
31.25,8833,109.4,9.4
31.3,8828,109.4,9.4
31.35,8825,109.4,9.4
31.4,8822,109.4,9.4
31.45,8815,109.4,9.4
31.5,8819,109.4,9.4
31.55,8810,109.4,9.4
31.6,8803,109.4,9.4
31.65,8802,109.4,9.4
31.7,8789,109.4,9.4
31.75,8786,109.4,9.4
31.8,8786,109.4,9.4
31.85,8785,109.4,9.4
31.9,8787,109.4,9.4
31.95,8789,109.4,9.4
32,8776,109.4,9.4
32.05,8764,109.4,9.4
32.1,8758,109.4,9.4
32.15,8768,109.4,9.4
32.2,8779,109.4,9.4
32.25,8774,109.4,9.4
32.3,8769,109.4,9.4
32.35,8764,109.4,9.4
32.4,8771,109.4,9.4
32.45,8753,109.4,9.4
32.5,8754,109.4,9.4
32.55,8751,109.4,9.4
32.6,8754,109.4,9.4
32.65,8746,109.4,9.4
32.7,8730,109.4,9.4
32.75,8730,109.4,9.4
32.8,8715,109.4,9.4
32.85,8711,109.4,9.4
32.9,8703,109.4,9.4
32.95,8705,109.4,9.4
33,8705,109.4,9.4
33.05,8697,109.4,9.4
33.1,8691,109.4,9.4
33.15,8684,109.4,9.4
33.2,8682,109.4,9.4
33.25,8657,109.4,9.4
33.3,8657,109.4,9.4
33.35,8645,109.4,9.4
33.4,8642,109.4,9.4
33.45,8638,109.4,9.4
33.5,8636,109.4,9.4
33.55,8622,109.3,9.4
33.6,8612,109.3,9.4
33.65,8610,109.3,9.4
33.7,8605,109.3,9.4
33.75,8606,109.3,9.4
33.8,8605,109.3,9.4
33.85,8607,109.3,9.4
33.9,8607,109.3,9.4
33.95,8608,109.3,9.4
34,8613,109.3,9.4
34.05,8620,109.3,9.4
34.1,8616,109.3,9.4
34.15,8607,109.3,9.4
34.2,8609,109.3,9.4
34.25,8605,109.3,9.4
34.3,8583,109.3,9.4
34.35,8570,109.3,9.4
34.4,8543,109.3,9.4
34.45,8542,109.3,9.4
34.5,8535,109.3,9.4
34.55,8530,109.3,9.4
34.6,8530,109.3,9.4
34.65,8527,109.3,9.4
34.7,8521,109.3,9.4
34.75,8511,109.3,9.4
34.8,8505,109.3,9.4
34.85,8499,109.3,9.4
34.9,8493,109.3,9.4
34.95,8488,109.3,9.4
35,8484,109.3,9.4
35.05,8481,109.3,9.4
35.1,8478,109.3,9.4
35.15,8477,109.3,9.4
35.2,8475,109.3,9.4
35.25,8472,109.3,9.4
35.3,8468,109.3,9.4
35.35,8463,109.3,9.4
35.4,8462,109.3,9.4
35.45,8457,109.3,9.4
35.5,8452,109.3,9.4
35.55,8442,109.3,9.4
35.6,8438,109.3,9.4
35.65,8433,109.3,9.4
35.7,8428,109.3,9.4
35.75,8421,109.2,9.4
35.8,8420,109.2,9.4
35.85,8418,109.3,9.4
35.9,8416,109.2,9.4
35.95,8412,109.3,9.4
36,8406,109.3,9.4
36.05,8394,109.2,9.4
36.1,8393,109.2,9.4
36.15,8385,109.2,9.4
36.2,8380,109.2,9.4
36.25,8379,109.2,9.4
36.3,8379,109.3,9.4
36.35,8378,109.2,9.4
36.4,8384,109.2,9.4
36.45,8380,109.3,9.4
36.5,8384,109.2,9.4
36.55,8385,109.3,9.4
36.6,8376,109.2,9.4
36.65,8380,109.2,9.4
36.7,8371,109.3,9.4
36.75,8365,109.2,9.4
36.8,8362,109.3,9.4
36.85,8350,109.2,9.4
36.9,8341,109.2,9.4
36.95,8347,109.2,9.4
37,8318,109.2,9.4
37.05,8304,109.2,9.4
37.1,8314,109.2,9.4
37.15,8312,109.2,9.4
37.2,8315,109.2,9.4
37.25,8327,109.2,9.4
37.3,8329,109.2,9.4
37.35,8323,109.2,9.4
37.4,8301,109.2,9.4
37.45,8293,109.2,9.4
37.5,8283,109.2,9.4
37.55,8284,109.2,9.4
37.6,8282,109.2,9.4
37.65,8286,109.2,9.4
37.7,8291,109.2,9.4
37.75,8285,109.2,9.4
37.8,8279,109.2,9.4
37.85,8290,109.2,9.4
37.9,8279,109.2,9.4
37.95,8276,109.2,9.4
38,8276,109.2,9.4
38.05,8267,109.2,9.4
38.1,8265,109.2,9.4
38.15,8258,109.2,9.4
38.2,8240,109.2,9.4
38.25,8240,109.2,9.4
38.3,8231,109.2,9.4
38.35,8238,109.2,9.4
38.4,8238,109.2,9.4
38.45,8231,109.2,9.4
38.5,8228,109.2,9.4
38.55,8225,109.2,9.4
38.6,8214,109.2,9.4
38.65,8212,109.2,9.4
38.7,8207,109.2,9.4
38.75,8206,109.2,9.4
38.8,8204,109.2,9.4
38.85,8197,109.2,9.4
38.9,8196,109.2,9.4
38.95,8183,109.2,9.4
39,8197,109.2,9.4
39.05,8198,109.2,9.4
39.1,8190,109.2,9.4
39.15,8193,109.2,9.4
39.2,8193,109.2,9.4
39.25,8177,109.2,9.4
39.3,8166,109.2,9.4
39.35,8169,109.2,9.4
39.4,8178,109.2,9.4
39.45,8163,109.2,9.4
39.5,8148,109.2,9.4
39.55,8147,109.2,9.4
39.6,8132,109.2,9.4
39.65,8126,109.2,9.4
39.7,8129,109.2,9.4
39.75,8136,109.1,9.4
39.8,8133,109.1,9.4
39.85,8132,109.1,9.4
39.9,8128,109.1,9.4
39.95,8123,109.1,9.4
40,8113,109.1,9.4
40.05,8106,109.1,9.4
40.1,8098,109.1,9.4
40.15,8089,109.1,9.4
40.2,8079,109.1,9.4
40.25,8075,109.1,9.4
40.3,8061,109.1,9.4
40.35,8063,109.1,9.4
40.4,8053,109.1,9.4
40.45,8062,109.1,9.4
40.5,8048,109.1,9.4
40.55,8049,109.1,9.4
40.6,8046,109.1,9.4
40.65,8048,109.1,9.4
40.7,8043,109.1,9.4
40.75,8035,109.1,9.4
40.8,8030,109.1,9.4
40.85,8030,109.1,9.4
40.9,8021,109.1,9.4
40.95,8012,109.1,9.4
41,8008,109.1,9.4
41.05,8002,109.1,9.4
41.1,7993,109.1,9.4
41.15,7991,109.1,9.4
41.2,7981,109.1,9.4
41.25,7976,109.1,9.4
41.3,7971,109.1,9.4
41.35,7969,109.1,9.4
41.4,7962,109.1,9.4
41.45,7959,109.1,9.4
41.5,7951,109.1,9.4
41.55,7943,109.1,9.4
41.6,7937,109.1,9.4
41.65,7931,109.1,9.4
41.7,7927,109.1,9.4
41.75,7925,109.1,9.4
41.8,7918,109.1,9.4
41.85,7916,109.1,9.4
41.9,7905,109.1,9.4
41.95,7903,109.1,9.4
42,7902,109.1,9.4
42.05,7907,109.1,9.4
42.1,7905,109.1,9.4
42.15,7893,109.1,9.4
42.2,7893,109.1,9.4
42.25,7895,109.1,9.4
42.3,7898,109.1,9.4
42.35,7882,109.1,9.4
42.4,7874,109.1,9.4
42.45,7862,109.1,9.4
42.5,7856,109.1,9.4
42.55,7846,109.1,9.4
42.6,7838,109.1,9.4
42.65,7839,109.1,9.4
42.7,7837,109.1,9.4
42.75,7833,109.1,9.4
42.8,7829,109.1,9.4
42.85,7837,109.1,9.4
42.9,7830,109.1,9.4
42.95,7829,109.1,9.4
43,7825,109.1,9.4
43.05,7815,109.1,9.4
43.1,7807,109.1,9.4
43.15,7804,109.1,9.4
43.2,7797,109.1,9.4
43.25,7808,109.1,9.4
43.3,7809,109.1,9.4
43.35,7816,109.1,9.4
43.4,7804,109.1,9.4
43.45,7802,109.1,9.4
43.5,7789,109.1,9.4
43.55,7796,109.1,9.4
43.6,7789,109.1,9.4
43.65,7779,109.1,9.4
43.7,7760,109.1,9.4
43.75,7750,109.1,9.4
43.8,7749,109.1,9.4
43.85,7733,109.1,9.4
43.9,7735,109.1,9.4
43.95,7731,109.1,9.4
44,7727,109.1,9.4
44.05,7713,109.1,9.4
44.1,7706,109.1,9.4
44.15,7698,109.1,9.4
44.2,7695,109.1,9.4
44.25,7687,109.1,9.4
44.3,7686,109.1,9.4
44.35,7685,109.1,9.4
44.4,7686,109.1,9.4
44.45,7688,109.1,9.4
44.5,7689,109.1,9.4
44.55,7686,109.1,9.4
44.6,7686,109.1,9.4
44.65,7680,109.1,9.4
44.7,7675,109.1,9.4
44.75,7678,109.1,9.4
44.8,7672,109.1,9.4
44.85,7668,109.1,9.4
44.9,7668,109.1,9.4
44.95,7661,109.1,9.4
45,7659,109.1,9.4
45.05,7656,109.1,9.4
45.1,7654,109.1,9.4
45.15,7644,109.1,9.4
45.2,7632,109.0,9.4
45.25,7629,109.1,9.4
45.3,7629,109.0,9.4
45.35,7618,109.0,9.4
45.4,7609,109.0,9.4
45.45,7596,109.0,9.4
45.5,7587,109.0,9.4
45.55,7575,109.0,9.4
45.6,7572,109.0,9.4
45.65,7566,109.0,9.4
45.7,7564,109.0,9.4
45.75,7563,109.0,9.4
45.8,7564,109.0,9.4
45.85,7563,109.0,9.4
45.9,7565,109.0,9.4
45.95,7578,109.0,9.4
46,7577,109.0,9.4
46.05,7567,109.0,9.4
46.1,7560,109.0,9.4
46.15,7558,109.0,9.4
46.2,7546,109.0,9.4
46.25,7536,109.0,9.4
46.3,7531,109.0,9.4
46.35,7528,109.0,9.4
46.4,7527,109.0,9.4
46.45,7527,109.0,9.4
46.5,7542,109.0,9.4
46.55,7535,109.0,9.4
46.6,7525,109.0,9.4
46.65,7510,109.0,9.4
46.7,7504,109.0,9.4
46.75,7498,109.0,9.4
46.8,7498,109.0,9.4
46.85,7497,109.0,9.4
46.9,7502,109.0,9.4
46.95,7499,109.0,9.4
47,7499,109.0,9.4
47.05,7495,109.0,9.4
47.1,7479,109.0,9.4
47.15,7468,109.0,9.4
47.2,7472,109.0,9.4
47.25,7468,109.0,9.4
47.3,7457,109.0,9.4
47.35,7448,109.0,9.4
47.4,7441,109.0,9.4
47.45,7439,109.0,9.4
47.5,7438,109.0,9.4
47.55,7437,109.0,9.4
47.6,7432,109.0,9.4
47.65,7434,109.0,9.4
47.7,7424,109.0,9.4
47.75,7427,109.0,9.4
47.8,7424,109.0,9.4
47.85,7418,109.0,9.4
47.9,7411,109.0,9.4
47.95,7413,109.0,9.4
48,7405,109.0,9.4
48.05,7411,109.0,9.4
48.1,7413,109.0,9.4
48.15,7408,109.0,9.4
48.2,7409,109.0,9.4
48.25,7401,109.0,9.4
48.3,7400,109.0,9.4
48.35,7409,109.0,9.4
48.4,7402,109.0,9.4
48.45,7388,109.0,9.4
48.5,7370,109.0,9.4
48.55,7359,109.0,9.4
48.6,7356,109.0,9.4
48.65,7348,109.0,9.4
48.7,7340,109.0,9.4
48.75,7344,109.0,9.4
48.8,7351,108.9,9.4
48.85,7342,108.9,9.4
48.9,7347,108.9,9.4
48.95,7348,109.0,9.4
49,7343,108.9,9.4
49.05,7347,108.9,9.4
49.1,7350,108.9,9.4
49.15,7370,108.9,9.4
49.2,7360,108.9,9.4
49.25,7343,108.9,9.4
49.3,7333,108.9,9.4
49.35,7327,108.9,9.4
49.4,7327,108.9,9.4
49.45,7315,108.9,9.4
49.5,7314,108.9,9.4
49.55,7303,108.9,9.4
49.6,7302,108.9,9.4
49.65,7287,108.9,9.4
49.7,7284,108.9,9.4
49.75,7280,108.9,9.4
49.8,7272,108.9,9.4
49.85,7279,108.9,9.4
49.9,7279,108.9,9.4
49.95,7273,108.9,9.4
50,7260,108.9,9.4
50.05,7256,108.9,9.4
50.1,7257,108.9,9.4
50.15,7245,108.9,9.4
50.2,7227,108.9,9.4
50.25,7216,108.9,9.4
50.3,7210,108.9,9.4
50.35,7211,108.9,9.4
50.4,7210,108.9,9.4
50.45,7201,108.9,9.4
50.5,7208,108.9,9.4
50.55,7209,108.9,9.4
50.6,7207,108.9,9.4
50.65,7211,108.9,9.4
50.7,7227,108.9,9.4
50.75,7229,108.9,9.4
50.8,7224,108.9,9.4
50.85,7221,108.9,9.4
50.9,7230,108.9,9.4
50.95,7208,108.9,9.4
51,7192,108.9,9.4
51.05,7189,108.9,9.4
51.1,7181,108.8,9.4
51.15,7167,108.9,9.4
51.2,7156,108.8,9.4
51.25,7148,108.8,9.4
51.3,7127,108.8,9.4
51.35,7126,108.8,9.4
51.4,7127,108.8,9.4
51.45,7118,108.8,9.4
51.5,7107,108.8,9.4
51.55,7107,108.8,9.4
51.6,7119,108.8,9.4
51.65,7121,108.8,9.4
51.7,7129,108.8,9.4
51.75,7123,108.8,9.4
51.8,7119,108.8,9.4
51.85,7103,108.8,9.4
51.9,7101,108.8,9.4
51.95,7099,108.8,9.4
52,7093,108.8,9.4
52.05,7105,108.8,9.4
52.1,7098,108.8,9.4
52.15,7086,108.8,9.4
52.2,7067,108.8,9.4
52.25,7057,108.8,9.4
52.3,7045,108.8,9.4
52.35,7040,108.8,9.4
52.4,7031,108.8,9.4
52.45,7021,108.8,9.4
52.5,7017,108.8,9.4
52.55,7010,108.8,9.4
52.6,7005,108.8,9.4
52.65,7005,108.8,9.4
52.7,7006,108.8,9.4
52.75,7011,108.8,9.4
52.8,7019,108.8,9.4
52.85,7025,108.8,9.4
52.9,7029,108.8,9.4
52.95,7027,108.8,9.4
53,7022,108.8,9.4
53.05,7026,108.8,9.4
53.1,7033,108.8,9.4
53.15,7035,108.8,9.4
53.2,7030,108.8,9.4
53.25,7020,108.8,9.4
53.3,6996,108.8,9.4
53.35,6986,108.8,9.4
53.4,6962,108.8,9.4
53.45,6952,108.8,9.4
53.5,6944,108.8,9.4
53.55,6945,108.8,9.4
53.6,6945,108.8,9.4
53.65,6934,108.8,9.4
53.7,6930,108.8,9.4
53.75,6935,108.8,9.4
53.8,6925,108.8,9.4
53.85,6916,108.8,9.4
53.9,6910,108.8,9.4
53.95,6901,108.8,9.4
54,6894,108.8,9.4
54.05,6882,108.8,9.4
54.1,6877,108.8,9.4
54.15,6875,108.8,9.4
54.2,6873,108.8,9.4
54.25,6876,108.8,9.4
54.3,6880,108.8,9.4
54.35,6886,108.8,9.4
54.4,6898,108.8,9.4
54.45,6908,108.8,9.4
54.5,6915,108.8,9.4
54.55,6916,108.8,9.4
54.6,6911,108.8,9.4
54.65,6901,108.8,9.4
54.7,6895,108.8,9.4
54.75,6880,108.8,9.4
54.8,6870,108.8,9.4
54.85,6871,108.8,9.4
54.9,6851,108.8,9.4
54.95,6847,108.8,9.4
55,6837,108.8,9.4
55.05,6826,108.8,9.4
55.1,6813,108.8,9.4
55.15,6803,108.8,9.4
55.2,6806,108.8,9.4
55.25,6808,108.8,9.4
55.3,6805,108.8,9.4
55.35,6802,108.8,9.4
55.4,6797,108.8,9.4
55.45,6793,108.8,9.4
55.5,6778,108.8,9.4
55.55,6778,108.8,9.4
55.6,6776,108.8,9.4
55.65,6769,108.8,9.4
55.7,6764,108.8,9.4
55.75,6760,108.8,9.4
55.8,6754,108.8,9.4
55.85,6750,108.8,9.4
55.9,6748,108.8,9.4
55.95,6746,108.8,9.4
56,6749,108.8,9.4
56.05,6757,108.8,9.4
56.1,6761,108.8,9.4
56.15,6771,108.8,9.4
56.2,6787,108.8,9.4
56.25,6789,108.8,9.4
56.3,6784,108.8,9.4
56.35,6776,108.8,9.4
56.4,6777,108.8,9.4
56.45,6770,108.8,9.4
56.5,6765,108.8,9.4
56.55,6753,108.8,9.4
56.6,6734,108.8,9.4
56.65,6716,108.8,9.4
56.7,6707,108.8,9.4
56.75,6698,108.8,9.4
56.8,6681,108.8,9.4
56.85,6668,108.8,9.4
56.9,6655,108.8,9.4
56.95,6652,108.8,9.4
57,6652,108.8,9.4
57.05,6646,108.8,9.4
57.1,6640,108.8,9.4
57.15,6637,108.8,9.4
57.2,6630,108.8,9.4
57.25,6627,108.8,9.4
57.3,6631,108.8,9.4
57.35,6627,108.8,9.4
57.4,6620,108.8,9.4
57.45,6622,108.8,9.4
57.5,6613,108.8,9.4
57.55,6608,108.8,9.4
57.6,6612,108.8,9.4
57.65,6621,108.8,9.4
57.7,6637,108.7,9.4
57.75,6620,108.7,9.4
57.8,6615,108.7,9.4
57.85,6615,108.7,9.4
57.9,6610,108.7,9.4
57.95,6592,108.7,9.4
58,6584,108.7,9.4
58.05,6588,108.7,9.4
58.1,6598,108.7,9.4
58.15,6593,108.7,9.4
58.2,6586,108.7,9.4
58.25,6568,108.7,9.4
58.3,6554,108.7,9.4
58.35,6567,108.7,9.4
58.4,6548,108.7,9.4
58.45,6537,108.7,9.4
58.5,6529,108.7,9.4
58.55,6524,108.7,9.4
58.6,6518,108.7,9.4
58.65,6513,108.7,9.4
58.7,6505,108.7,9.4
58.75,6500,108.7,9.4
58.8,6496,108.7,9.4
58.85,6491,108.7,9.4
58.9,6489,108.7,9.4
58.95,6485,108.7,9.4
59,6481,108.7,9.4
59.05,6474,108.7,9.4
59.1,6470,108.7,9.4
59.15,6467,108.7,9.4
59.2,6463,108.7,9.4
59.25,6462,108.7,9.4
59.3,6460,108.7,9.4
59.35,6458,108.7,9.4
59.4,6461,108.7,9.4
59.45,6463,108.7,9.4
59.5,6463,108.7,9.4
59.55,6461,108.7,9.4
59.6,6444,108.7,9.4
59.65,6434,108.7,9.4
59.7,6418,108.7,9.4
59.75,6410,108.7,9.4
59.8,6407,108.7,9.4
59.85,6405,108.7,9.4
59.9,6407,108.7,9.4
59.95,6407,108.7,9.4
60,6409,108.7,9.4
60.05,6403,108.7,9.4
60.1,6405,108.7,9.4
60.15,6408,108.7,9.4
60.2,6420,108.7,9.4
60.25,6408,108.7,9.4
60.3,6397,108.7,9.4
60.35,6377,108.7,9.4
60.4,6385,108.7,9.4
60.45,6377,108.7,9.4
60.5,6367,108.7,9.4
60.55,6360,108.7,9.4
60.6,6355,108.7,9.4
60.65,6352,108.7,9.4
60.7,6352,108.7,9.4
60.75,6349,108.7,9.4
60.8,6348,108.7,9.4
60.85,6344,108.7,9.4
60.9,6340,108.7,9.4
60.95,6331,108.7,9.4
61,6321,108.7,9.4
61.05,6313,108.7,9.4
61.1,6315,108.7,9.4
61.15,6311,108.7,9.4
61.2,6309,108.7,9.4
61.25,6306,108.7,9.4
61.3,6305,108.7,9.4
61.35,6297,108.7,9.4
61.4,6291,108.7,9.4
61.45,6282,108.7,9.4
61.5,6278,108.7,9.4
61.55,6272,108.7,9.4
61.6,6265,108.7,9.4
61.65,6266,108.7,9.4
61.7,6272,108.7,9.4
61.75,6280,108.7,9.4
61.8,6293,108.7,9.4
61.85,6297,108.7,9.4
61.9,6288,108.7,9.4
61.95,6277,108.7,9.4
62,6278,108.7,9.4
62.05,6272,108.7,9.4
62.1,6275,108.7,9.4
62.15,6275,108.7,9.4
62.2,6268,108.7,9.4
62.25,6274,108.7,9.4
62.3,6255,108.7,9.4
62.35,6258,108.7,9.4
62.4,6252,108.7,9.4
62.45,6243,108.7,9.4
62.5,6231,108.7,9.4
62.55,6218,108.7,9.4
62.6,6213,108.7,9.4
62.65,6192,108.7,9.4
62.7,6184,108.7,9.4
62.75,6175,108.6,9.4
62.8,6173,108.6,9.4
62.85,6168,108.6,9.4
62.9,6158,108.6,9.4
62.95,6152,108.6,9.4
63,6148,108.6,9.4
63.05,6145,108.6,9.4
63.1,6141,108.6,9.4
63.15,6139,108.6,9.4
63.2,6135,108.6,9.4
63.25,6131,108.6,9.4
63.3,6128,108.6,9.4
63.35,6126,108.6,9.4
63.4,6123,108.6,9.4
63.45,6120,108.6,9.4
63.5,6117,108.6,9.4
63.55,6118,108.6,9.4
63.6,6118,108.6,9.4
63.65,6118,108.6,9.4
63.7,6111,108.6,9.4
63.75,6106,108.6,9.4
63.8,6102,108.6,9.4
63.85,6100,108.6,9.4
63.9,6102,108.6,9.4
63.95,6100,108.6,9.4
64,6090,108.6,9.4
64.05,6077,108.6,9.4
64.1,6066,108.6,9.4
64.15,6056,108.6,9.4
64.2,6053,108.6,9.4
64.25,6051,108.6,9.4
64.3,6053,108.6,9.4
64.35,6051,108.6,9.4
64.4,6047,108.6,9.4
64.45,6039,108.6,9.4
64.5,6036,108.6,9.4
64.55,6029,108.6,9.4
64.6,6023,108.6,9.4
64.65,6020,108.6,9.4
64.7,6015,108.6,9.4
64.75,6015,108.6,9.4
64.8,6014,108.6,9.4
64.85,6013,108.6,9.4
64.9,6009,108.6,9.4
64.95,6003,108.6,9.4
65,5997,108.6,9.4
65.05,5990,108.6,9.4
65.1,5981,108.6,9.4
65.15,5972,108.6,9.4
65.2,5961,108.6,9.4
65.25,5959,108.6,9.4
65.3,5962,108.6,9.4
65.35,5970,108.6,9.4
65.4,5977,108.6,9.4
65.45,5982,108.6,9.4
65.5,5988,108.6,9.4
65.55,5987,108.6,9.4
65.6,5986,108.6,9.4
65.65,5978,108.6,9.4
65.7,5972,108.6,9.4
65.75,5970,108.6,9.4
65.8,5970,108.6,9.4
65.85,5977,108.6,9.4
65.9,5967,108.6,9.4
65.95,5961,108.6,9.4
66,5945,108.6,9.4
66.05,5930,108.6,9.4
66.1,5916,108.6,9.4
66.15,5907,108.6,9.4
66.2,5898,108.6,9.4
66.25,5892,108.6,9.4
66.3,5886,108.6,9.4
66.35,5883,108.6,9.4
66.4,5880,108.6,9.4
66.45,5883,108.6,9.4
66.5,5892,108.6,9.4
66.55,5904,108.6,9.4
66.6,5913,108.5,9.4
66.65,5921,108.5,9.4
66.7,5922,108.5,9.4
66.75,5918,108.5,9.4
66.8,5908,108.5,9.4
66.85,5896,108.5,9.4
66.9,5876,108.5,9.4
66.95,5871,108.5,9.4
67,5869,108.5,9.4
67.05,5864,108.5,9.4
67.1,5857,108.5,9.4
67.15,5850,108.5,9.4
67.2,5854,108.5,9.4
67.25,5850,108.5,9.4
67.3,5852,108.5,9.4
67.35,5855,108.5,9.4
67.4,5853,108.5,9.4
67.45,5841,108.5,9.4
67.5,5824,108.5,9.4
67.55,5806,108.5,9.4
67.6,5818,108.5,9.4
67.65,5816,108.5,9.4
67.7,5798,108.5,9.4
67.75,5785,108.5,9.4
67.8,5783,108.5,9.4
67.85,5776,108.5,9.4
67.9,5772,108.5,9.4
67.95,5765,108.5,9.4
68,5760,108.5,9.4
68.05,5762,108.5,9.4
68.1,5761,108.4,9.4
68.15,5760,108.4,9.4
68.2,5761,108.4,9.4
68.25,5762,108.4,9.4
68.3,5758,108.4,9.4
68.35,5759,108.4,9.4
68.4,5757,108.4,9.4
68.45,5755,108.4,9.4
68.5,5749,108.4,9.4
68.55,5742,108.4,9.4
68.6,5751,108.4,9.4
68.65,5744,108.4,9.4
68.7,5743,108.4,9.4
68.75,5725,108.4,9.4
68.8,5724,108.4,9.4
68.85,5709,108.4,9.4
68.9,5695,108.4,9.4
68.95,5687,108.4,9.4
69,5674,108.4,9.4
69.05,5668,108.4,9.4
69.1,5657,108.4,9.4
69.15,5650,108.4,9.4
69.2,5647,108.4,9.4
69.25,5644,108.4,9.4
69.3,5643,108.4,9.4
69.35,5644,108.4,9.4
69.4,5643,108.4,9.4
69.45,5639,108.4,9.4
69.5,5634,108.4,9.4
69.55,5630,108.4,9.4
69.6,5627,108.4,9.4
69.65,5616,108.4,9.4
69.7,5615,108.4,9.4
69.75,5609,108.4,9.4
69.8,5606,108.4,9.4
69.85,5602,108.4,9.4
69.9,5599,108.4,9.4
69.95,5593,108.4,9.4
70,5586,108.4,9.4
70.05,5580,108.4,9.4
70.1,5575,108.4,9.4
70.15,5571,108.4,9.4
70.2,5567,108.4,9.4
70.25,5563,108.4,9.4
70.3,5559,108.4,9.4
70.35,5556,108.4,9.4
70.4,5552,108.4,9.4
70.45,5551,108.4,9.4
70.5,5547,108.4,9.4
70.55,5544,108.4,9.4
70.6,5542,108.3,9.4
70.65,5541,108.4,9.4
70.7,5544,108.3,9.4
70.75,5542,108.3,9.4
70.8,5539,108.3,9.4
70.85,5534,108.3,9.4
70.9,5526,108.4,9.4
70.95,5518,108.3,9.4
71,5506,108.3,9.4
71.05,5494,108.3,9.4
71.1,5488,108.3,9.4
71.15,5484,108.3,9.4
71.2,5483,108.3,9.4
71.25,5483,108.3,9.4
71.3,5487,108.3,9.4
71.35,5496,108.3,9.4
71.4,5483,108.3,9.4
71.45,5473,108.3,9.4
71.5,5488,108.3,9.4
71.55,5492,108.3,9.4
71.6,5497,108.3,9.4
71.65,5490,108.3,9.4
71.7,5493,108.3,9.4
71.75,5498,108.3,9.4
71.8,5486,108.3,9.4
71.85,5454,108.3,9.4
71.9,5440,108.3,9.4
71.95,5431,108.3,9.4
72,5422,108.3,9.4
72.05,5415,108.3,9.4
72.1,5412,108.3,9.4
72.15,5408,108.3,9.4
72.2,5395,108.3,9.4
72.25,5390,108.3,9.4
72.3,5385,108.3,9.4
72.35,5380,108.3,9.4
72.4,5376,108.3,9.4
72.45,5374,108.3,9.4
72.5,5373,108.3,9.4
72.55,5372,108.3,9.4
72.6,5375,108.2,9.4
72.65,5379,108.2,9.4
72.7,5388,108.2,9.4
72.75,5391,108.2,9.4
72.8,5391,108.2,9.4
72.85,5394,108.2,9.4
72.9,5394,108.2,9.4
72.95,5406,108.2,9.4
73,5422,108.2,9.4
73.05,5413,108.2,9.4
73.1,5400,108.2,9.4
73.15,5389,108.2,9.4
73.2,5382,108.2,9.4
73.25,5371,108.2,9.4
73.3,5369,108.2,9.4
73.35,5358,108.2,9.4
73.4,5354,108.2,9.4
73.45,5352,108.2,9.4
73.5,5351,108.2,9.4
73.55,5333,108.2,9.4
73.6,5318,108.2,9.4
73.65,5293,108.2,9.4
73.7,5283,108.2,9.4
73.75,5276,108.2,9.4
73.8,5272,108.2,9.4
73.85,5272,108.2,9.4
73.9,5273,108.2,9.4
73.95,5265,108.2,9.4
74,5261,108.2,9.4
74.05,5258,108.2,9.4
74.1,5254,108.2,9.4
74.15,5252,108.2,9.4
74.2,5257,108.2,9.4
74.25,5252,108.2,9.4
74.3,5252,108.2,9.4
74.35,5250,108.2,9.4
74.4,5249,108.2,9.4
74.45,5250,108.2,9.4
74.5,5245,108.2,9.4
74.55,5249,108.2,9.4
74.6,5248,108.2,9.4
74.65,5246,108.2,9.4
74.7,5245,108.2,9.4
74.75,5235,108.2,9.4
74.8,5227,108.2,9.4
74.85,5219,108.2,9.4
74.9,5221,108.2,9.4
74.95,5215,108.2,9.4
75,5196,108.2,9.4
75.05,5183,108.2,9.4
75.1,5175,108.2,9.4
75.15,5168,108.2,9.4
75.2,5165,108.1,9.4
75.25,5159,108.1,9.4
75.3,5152,108.1,9.4
75.35,5146,108.1,9.4
75.4,5141,108.1,9.4
75.45,5137,108.1,9.4
75.5,5130,108.1,9.4
75.55,5127,108.1,9.4
75.6,5123,108.1,9.4
75.65,5119,108.1,9.4
75.7,5116,108.1,9.4
75.75,5115,108.1,9.4
75.8,5113,108.1,9.4
75.85,5112,108.1,9.4
75.9,5113,108.1,9.4
75.95,5118,108.1,9.4
76,5126,108.1,9.4
76.05,5135,108.1,9.4
76.1,5141,108.1,9.4
76.15,5143,108.1,9.4
76.2,5139,108.1,9.4
76.25,5135,108.1,9.4
76.3,5134,108.1,9.4
76.35,5127,108.1,9.4
76.4,5126,108.1,9.4
76.45,5129,108.0,9.4
76.5,5126,108.0,9.4
76.55,5126,108.0,9.4
76.6,5121,108.0,9.4
76.65,5103,108.0,9.4
76.7,5101,108.0,9.4
76.75,5091,108.0,9.4
76.8,5090,108.0,9.4
76.85,5081,108.0,9.4
76.9,5079,108.0,9.4
76.95,5068,108.0,9.4
77,5070,108.0,9.4
77.05,5071,108.0,9.4
77.1,5053,108.0,9.4
77.15,5038,107.9,9.4
77.2,5040,107.9,9.4
77.25,5028,107.9,9.4
77.3,5024,107.9,9.4
77.35,5008,107.9,9.4
77.4,5005,107.9,9.4
77.45,4996,107.9,9.4
77.5,4992,107.9,9.4
77.55,4983,107.9,9.4
77.6,4975,107.9,9.4
77.65,4967,107.9,9.4
77.7,4963,107.9,9.4
77.75,4951,107.9,9.4
77.8,4944,107.9,9.4
77.85,4931,107.9,9.4
77.9,4924,107.9,9.4
77.95,4922,107.9,9.4
78,4921,107.9,9.4
78.05,4920,107.9,9.4
78.1,4920,107.9,9.4
78.15,4921,107.9,9.4
78.2,4925,107.9,9.4
78.25,4930,107.9,9.4
78.3,4936,107.9,9.4
78.35,4931,107.9,9.4
78.4,4928,107.9,9.4
78.45,4921,107.9,9.4
78.5,4916,107.9,9.4
78.55,4907,107.9,9.4
78.6,4905,107.9,9.4
78.65,4898,107.8,9.4
78.7,4891,107.9,9.4
78.75,4883,107.8,9.4
78.8,4872,107.8,9.4
78.85,4865,107.8,9.4
78.9,4855,107.8,9.4
78.95,4852,107.8,9.4
79,4849,107.8,9.4
79.05,4845,107.8,9.4
79.1,4841,107.8,9.4
79.15,4838,107.8,9.4
79.2,4832,107.8,9.4
79.25,4832,107.8,9.4
79.3,4829,107.8,9.4
79.35,4825,107.8,9.4
79.4,4823,107.8,9.4
79.45,4821,107.8,9.4
79.5,4817,107.8,9.4
79.55,4817,107.8,9.4
79.6,4813,107.8,9.4
79.65,4815,107.8,9.4
79.7,4814,107.8,9.4
79.75,4810,107.7,9.4
79.8,4809,107.7,9.4
79.85,4809,107.7,9.4
79.9,4804,107.7,9.4
79.95,4798,107.7,9.4
80,4794,107.7,9.4
80.05,4793,107.7,9.4
80.1,4786,107.7,9.4
80.15,4773,107.7,9.4
80.2,4775,107.7,9.4
80.25,4775,107.7,9.4
80.3,4768,107.7,9.4
80.35,4767,107.7,9.4
80.4,4752,107.7,9.4
80.45,4749,107.7,9.4
80.5,4750,107.7,9.4
80.55,4745,107.7,9.4
80.6,4726,107.7,9.4
80.65,4712,107.7,9.4
80.7,4711,107.7,9.4
80.75,4724,107.7,9.4
80.8,4723,107.7,9.4
80.85,4723,107.7,9.4
80.9,4723,107.7,9.4
80.95,4733,107.7,9.4
81,4729,107.7,9.4
81.05,4720,107.7,9.4
81.1,4698,107.7,9.4
81.15,4690,107.7,9.4
81.2,4684,107.7,9.4
81.25,4688,107.7,9.4
81.3,4684,107.7,9.4
81.35,4683,107.7,9.4
81.4,4686,107.7,9.4
81.45,4686,107.7,9.4
81.5,4680,107.7,9.4
81.55,4691,107.7,9.4
81.6,4698,107.7,9.4
81.65,4690,107.7,9.4
81.7,4660,107.7,9.4
81.75,4653,107.7,9.4
81.8,4645,107.7,9.4
81.85,4633,107.7,9.4
81.9,4624,107.7,9.4
81.95,4622,107.6,9.4
82,4628,107.6,9.4
82.05,4628,107.6,9.4
82.1,4623,107.6,9.4
82.15,4622,107.6,9.4
82.2,4618,107.6,9.4
82.25,4611,107.6,9.4
82.3,4609,107.6,9.4
82.35,4605,107.6,9.4
82.4,4601,107.6,9.4
82.45,4594,107.6,9.4
82.5,4599,107.6,9.4
82.55,4587,107.6,9.4
82.6,4578,107.6,9.4
82.65,4580,107.6,9.4
82.7,4580,107.6,9.4
82.75,4587,107.6,9.4
82.8,4587,107.6,9.4
82.85,4589,107.6,9.4
82.9,4586,107.6,9.4
82.95,4585,107.6,9.4
83,4576,107.6,9.4
83.05,4557,107.6,9.4
83.1,4551,107.6,9.4
83.15,4542,107.6,9.4
83.2,4532,107.6,9.4
83.25,4529,107.6,9.4
83.3,4533,107.6,9.4
83.35,4526,107.6,9.4
83.4,4517,107.6,9.4
83.45,4518,107.6,9.4
83.5,4518,107.6,9.4
83.55,4514,107.6,9.4
83.6,4515,107.6,9.4
83.65,4514,107.6,9.4
83.7,4522,107.6,9.4
83.75,4524,107.6,9.4
83.8,4524,107.6,9.4
83.85,4513,107.6,9.4
83.9,4506,107.6,9.4
83.95,4500,107.6,9.4
84,4494,107.6,9.4
84.05,4503,107.6,9.4
84.1,4504,107.6,9.4
84.15,4489,107.6,9.4
84.2,4478,107.6,9.4
84.25,4469,107.6,9.4
84.3,4454,107.6,9.4
84.35,4439,107.5,9.4
84.4,4430,107.5,9.4
84.45,4429,107.5,9.4
84.5,4418,107.5,9.4
84.55,4414,107.5,9.4
84.6,4403,107.5,9.4
84.65,4399,107.5,9.4
84.7,4395,107.5,9.4
84.75,4393,107.5,9.4
84.8,4393,107.5,9.4
84.85,4391,107.5,9.4
84.9,4387,107.5,9.4
84.95,4385,107.5,9.4
85,4382,107.5,9.4
85.05,4381,107.5,9.4
85.1,4375,107.5,9.4
85.15,4372,107.5,9.4
85.2,4374,107.5,9.4
85.25,4371,107.5,9.4
85.3,4369,107.5,9.4
85.35,4366,107.5,9.4
85.4,4369,107.5,9.4
85.45,4369,107.5,9.4
85.5,4374,107.5,9.4
85.55,4384,107.5,9.4
85.6,4384,107.5,9.4
85.65,4370,107.4,9.4
85.7,4351,107.4,9.4
85.75,4352,107.4,9.4
85.8,4339,107.4,9.4
85.85,4352,107.4,9.4
85.9,4332,107.4,9.4
85.95,4320,107.4,9.4
86,4308,107.4,9.4
86.05,4296,107.4,9.4
86.1,4290,107.4,9.4
86.15,4286,107.4,9.4
86.2,4288,107.4,9.4
86.25,4287,107.4,9.4
86.3,4281,107.4,9.4
86.35,4273,107.4,9.4
86.4,4271,107.4,9.4
86.45,4271,107.4,9.4
86.5,4269,107.3,9.4
86.55,4265,107.3,9.4
86.6,4260,107.3,9.4
86.65,4251,107.3,9.4
86.7,4245,107.3,9.4
86.75,4240,107.3,9.4
86.8,4234,107.3,9.4
86.85,4232,107.3,9.4
86.9,4224,107.3,9.4
86.95,4210,107.3,9.4
87,4206,107.3,9.4
87.05,4204,107.3,9.4
87.1,4201,107.3,9.4
87.15,4198,107.3,9.4
87.2,4194,107.3,9.4
87.25,4187,107.3,9.4
87.3,4178,107.3,9.4
87.35,4176,107.3,9.4
87.4,4173,107.3,9.4
87.45,4172,107.3,9.4
87.5,4174,107.3,9.4
87.55,4175,107.3,9.4
87.6,4172,107.3,9.4
87.65,4173,107.3,9.4
87.7,4168,107.3,9.4
87.75,4163,107.3,9.4
87.8,4164,107.3,9.4
87.85,4164,107.3,9.4
87.9,4153,107.3,9.4
87.95,4147,107.3,9.4
88,4156,107.3,9.4
88.05,4154,107.3,9.4
88.1,4151,107.3,9.4
88.15,4150,107.3,9.4
88.2,4143,107.3,9.4
88.25,4124,107.3,9.4
88.3,4116,107.3,9.4
88.35,4115,107.3,9.4
88.4,4108,107.3,9.4
88.45,4099,107.3,9.4
88.5,4082,107.3,9.4
88.55,4077,107.3,9.4
88.6,4075,107.3,9.4
88.65,4072,107.3,9.4
88.7,4075,107.3,9.4
88.75,4079,107.3,9.4
88.8,4089,107.3,9.4
88.85,4094,107.3,9.4
88.9,4096,107.3,9.4
88.95,4091,107.3,9.4
89,4083,107.3,9.4
89.05,4075,107.3,9.4
89.1,4077,107.3,9.4
89.15,4063,107.3,9.4
89.2,4060,107.3,9.4
89.25,4057,107.3,9.4
89.3,4057,107.3,9.4
89.35,4040,107.3,9.4
89.4,4029,107.3,9.4
89.45,4023,107.3,9.4
89.5,4017,107.3,9.4
89.55,4009,107.3,9.4
89.6,4009,107.3,9.4
89.65,4001,107.3,9.4
89.7,3992,107.3,9.4
89.75,3991,107.3,9.4
89.8,3986,107.3,9.4
89.85,3983,107.3,9.4
89.9,3982,107.3,9.4
89.95,3980,107.3,9.4
90,3978,107.3,9.4
90.05,3977,107.3,9.4
90.1,3975,107.3,9.4
90.15,3973,107.3,9.4
90.2,3970,107.3,9.4
90.25,3968,107.3,9.4
90.3,3970,107.3,9.4
90.35,3969,107.3,9.4
90.4,3966,107.3,9.4
90.45,3968,107.3,9.4
90.5,3968,107.3,9.4
90.55,3969,107.3,9.4
90.6,3972,107.3,9.4
90.65,3964,107.3,9.4
90.7,3967,107.3,9.4
90.75,3961,107.3,9.4
90.8,3962,107.2,9.4
90.85,3973,107.3,9.4
90.9,3961,107.2,9.4
90.95,3954,107.2,9.4
91,3955,107.2,9.4
91.05,3957,107.2,9.4
91.1,3948,107.2,9.4
91.15,3937,107.2,9.4
91.2,3942,107.2,9.4
91.25,3947,107.2,9.4
91.3,3945,107.2,9.4
91.35,3931,107.2,9.4
91.4,3919,107.2,9.4
91.45,3896,107.2,9.4
91.5,3889,107.2,9.4
91.55,3876,107.2,9.4
91.6,3860,107.2,9.4
91.65,3854,107.2,9.4
91.7,3852,107.2,9.4
91.75,3848,107.2,9.4
91.8,3843,107.2,9.4
91.85,3840,107.2,9.4
91.9,3836,107.2,9.4
91.95,3833,107.2,9.4
92,3827,107.2,9.4
92.05,3821,107.2,9.4
92.1,3815,107.2,9.4
92.15,3812,107.2,9.4
92.2,3810,107.2,9.4
92.25,3809,107.2,9.4
92.3,3807,107.1,9.4
92.35,3808,107.1,9.4
92.4,3806,107.1,9.4
92.45,3805,107.1,9.4
92.5,3799,107.1,9.4
92.55,3796,107.1,9.4
92.6,3796,107.1,9.4
92.65,3791,107.1,9.4
92.7,3779,107.1,9.4
92.75,3775,107.1,9.4
92.8,3769,107.1,9.4
92.85,3769,107.1,9.4
92.9,3762,107.1,9.4
92.95,3757,107.1,9.4
93,3753,107.1,9.4
93.05,3748,107.1,9.4
93.1,3741,107.1,9.4
93.15,3740,107.1,9.4
93.2,3736,107.1,9.4
93.25,3730,107.1,9.4
93.3,3726,107.1,9.4
93.35,3725,107.1,9.4
93.4,3725,107.1,9.4
93.45,3723,107.1,9.4
93.5,3720,107.1,9.4
93.55,3718,107.1,9.4
93.6,3716,107.1,9.4
93.65,3714,107.1,9.4
93.7,3707,107.1,9.4
93.75,3709,107.1,9.4
93.8,3705,107.1,9.4
93.85,3703,107.1,9.4
93.9,3699,107.1,9.4
93.95,3691,107.1,9.4
94,3686,107.1,9.4
94.05,3685,107.1,9.4
94.1,3680,107.1,9.4
94.15,3675,107.1,9.4
94.2,3670,107.1,9.4
94.25,3665,107.1,9.4
94.3,3659,107.1,9.4
94.35,3669,107.1,9.4
94.4,3670,107.1,9.4
94.45,3673,107.1,9.4
94.5,3665,107.1,9.4
94.55,3661,107.1,9.4
94.6,3652,107.1,9.4
94.65,3652,107.1,9.4
94.7,3649,107.1,9.4
94.75,3643,107.1,9.4
94.8,3641,107.1,9.4
94.85,3635,107.1,9.4
94.9,3628,107.1,9.4
94.95,3620,107.1,9.4
95,3621,107.1,9.4
95.05,3616,107.1,9.4
95.1,3622,107.1,9.4
95.15,3631,107.1,9.4
95.2,3633,107.1,9.4
95.25,3619,107.1,9.4
95.3,3616,107.1,9.4
95.35,3622,107.1,9.4
95.4,3610,107.1,9.4
95.45,3603,107.1,9.4
95.5,3606,107.1,9.4
95.55,3596,107.1,9.4
95.6,3592,107.1,9.4
95.65,3583,107.1,9.4
95.7,3587,107.1,9.4
95.75,3580,107.1,9.4
95.8,3573,107.1,9.4
95.85,3559,107.1,9.4
95.9,3554,107.1,9.4
95.95,3542,107.1,9.4
96,3535,107.1,9.4
96.05,3530,107.1,9.4
96.1,3529,107.1,9.4
96.15,3520,107.1,9.4
96.2,3518,107.1,9.4
96.25,3510,107.1,9.4
96.3,3513,107.1,9.4
96.35,3514,107.1,9.4
96.4,3514,107.1,9.4
96.45,3517,107.1,9.4
96.5,3539,107.1,9.4
96.55,3549,107.1,9.4
96.6,3551,107.0,9.4
96.65,3558,107.1,9.4
96.7,3557,107.0,9.4
96.75,3547,107.1,9.4
96.8,3522,107.0,9.4
96.85,3518,107.0,9.4
96.9,3498,107.0,9.4
96.95,3483,107.0,9.4
97,3487,107.0,9.4
97.05,3477,107.0,9.4
97.1,3483,107.0,9.4
97.15,3480,107.0,9.4
97.2,3480,107.0,9.4
97.25,3468,107.0,9.4
97.3,3455,107.0,9.4
97.35,3453,107.0,9.4
97.4,3455,107.0,9.4
97.45,3438,107.0,9.4
97.5,3430,107.0,9.4
97.55,3421,107.0,9.4
97.6,3417,107.0,9.4
97.65,3405,107.0,9.4
97.7,3399,107.0,9.4
97.75,3389,107.0,9.4
97.8,3382,107.0,9.4
97.85,3375,107.0,9.4
97.9,3366,107.0,9.4
97.95,3365,107.0,9.4
98,3364,107.0,9.4
98.05,3364,106.9,9.4
98.1,3368,106.9,9.4
98.15,3376,106.9,9.4
98.2,3388,106.9,9.4
98.25,3398,106.9,9.4
98.3,3386,106.9,9.4
98.35,3390,106.9,9.4
98.4,3397,106.9,9.4
98.45,3385,106.9,9.4
98.5,3396,106.9,9.4
98.55,3383,106.9,9.4
98.6,3372,106.9,9.4
98.65,3371,106.9,9.4
98.7,3370,106.9,9.4
98.75,3357,106.9,9.4
98.8,3361,106.9,9.4
98.85,3355,106.9,9.4
98.9,3357,106.9,9.4
98.95,3336,106.9,9.4
99,3327,106.9,9.4
99.05,3312,106.9,9.4
99.1,3299,106.8,9.4
99.15,3285,106.8,9.4
99.2,3274,106.8,9.4
99.25,3268,106.8,9.4
99.3,3262,106.8,9.4
99.35,3258,106.8,9.4
99.4,3258,106.8,9.4
99.45,3267,106.8,9.4
99.5,3270,106.8,9.4
99.55,3263,106.8,9.4
99.6,3269,106.8,9.4
99.65,3283,106.8,9.4
99.7,3294,106.8,9.4
99.75,3300,106.8,9.4
99.8,3289,106.8,9.4
99.85,3290,106.8,9.4
99.9,3288,106.8,9.4
99.95,3275,106.8,9.4
100,3268,106.8,9.4
100.05,3258,106.7,9.4
100.1,3250,106.8,9.4
100.15,3248,106.7,9.4
100.2,3252,106.7,9.4
100.25,3228,106.7,9.4
100.3,3214,106.7,9.4
100.35,3217,106.7,9.4
100.4,3202,106.7,9.4
100.45,3190,106.7,9.4
100.5,3197,106.7,9.4
100.55,3192,106.7,9.4
100.6,3183,106.7,9.4
100.65,3169,106.7,9.4
100.7,3161,106.7,9.4
100.75,3156,106.7,9.4
100.8,3154,106.7,9.4
100.85,3147,106.7,9.4
100.9,3142,106.7,9.4
100.95,3138,106.7,9.4
101,3138,106.7,9.4
101.05,3141,106.7,9.4
101.1,3136,106.7,9.4
101.15,3131,106.7,9.4
101.2,3123,106.7,9.4
101.25,3115,106.7,9.4
101.3,3103,106.7,9.4
101.35,3098,106.7,9.4
101.4,3092,106.7,9.4
101.45,3089,106.7,9.4
101.5,3088,106.6,9.4
101.55,3090,106.6,9.4
101.6,3091,106.6,9.4
101.65,3096,106.6,9.4
101.7,3091,106.6,9.4
101.75,3099,106.6,9.4
101.8,3107,106.6,9.4
101.85,3112,106.6,9.4
101.9,3110,106.6,9.4
101.95,3109,106.6,9.4
102,3101,106.6,9.4
102.05,3083,106.6,9.4
102.1,3070,106.6,9.4
102.15,3065,106.6,9.4
102.2,3064,106.6,9.4
102.25,3046,106.6,9.4
102.3,3039,106.6,9.4
102.35,3033,106.6,9.4
102.4,3034,106.6,9.4
102.45,3039,106.6,9.4
102.5,3038,106.6,9.4
102.55,3038,106.6,9.4
102.6,3034,106.6,9.4
102.65,3018,106.6,9.4
102.7,3013,106.6,9.4
102.75,3009,106.6,9.4
102.8,3003,106.6,9.4
102.85,3006,106.6,9.4
102.9,3009,106.6,9.4
102.95,3008,106.6,9.4
103,3010,106.6,9.4
103.05,3013,106.6,9.4
103.1,3015,106.6,9.4
103.15,3018,106.6,9.4
103.2,3021,106.6,9.4
103.25,3014,106.6,9.4
103.3,3015,106.6,9.4
103.35,3010,106.6,9.4
103.4,3004,106.5,9.4
103.45,3004,106.6,9.4
103.5,3000,106.5,9.4
103.55,2981,106.5,9.4
103.6,2962,106.5,9.4
103.65,2956,106.5,9.4
103.7,2941,106.5,9.4
103.75,2936,106.5,9.4
103.8,2934,106.5,9.4
103.85,2926,106.5,9.4
103.9,2915,106.5,9.4
103.95,2917,106.5,9.4
104,2904,106.5,9.4
104.05,2906,106.5,9.4
104.1,2903,106.5,9.4
104.15,2905,106.5,9.4
104.2,2903,106.4,9.4
104.25,2897,106.5,9.4
104.3,2895,106.4,9.4
104.35,2895,106.4,9.4
104.4,2897,106.4,9.4
104.45,2889,106.4,9.4
104.5,2885,106.4,9.4
104.55,2880,106.4,9.4
104.6,2876,106.4,9.4
104.65,2871,106.4,9.4
104.7,2867,106.4,9.4
104.75,2870,106.4,9.4
104.8,2856,106.4,9.4
104.85,2852,106.4,9.4
104.9,2857,106.4,9.4
104.95,2860,106.4,9.4
105,2855,106.4,9.4
105.05,2856,106.4,9.4
105.1,2852,106.4,9.4
105.15,2846,106.4,9.4
105.2,2839,106.4,9.4
105.25,2821,106.4,9.4
105.3,2817,106.4,9.4
105.35,2809,106.4,9.4
105.4,2808,106.4,9.4
105.45,2802,106.4,9.4
105.5,2800,106.4,9.4
105.55,2795,106.4,9.4
105.6,2790,106.4,9.4
105.65,2784,106.4,9.4
105.7,2777,106.4,9.4
105.75,2770,106.4,9.4
105.8,2760,106.4,9.4
105.85,2745,106.4,9.4
105.9,2744,106.4,9.4
105.95,2738,106.4,9.4
106,2735,106.3,9.4
106.05,2738,106.3,9.4
106.1,2738,106.3,9.4
106.15,2738,106.3,9.4
106.2,2734,106.3,9.4
106.25,2736,106.3,9.4
106.3,2736,106.3,9.4
106.35,2738,106.3,9.4
106.4,2732,106.3,9.4
106.45,2737,106.3,9.4
106.5,2719,106.3,9.4
106.55,2713,106.3,9.4
106.6,2708,106.3,9.4
106.65,2703,106.3,9.4
106.7,2697,106.3,9.4
106.75,2698,106.3,9.4
106.8,2697,106.3,9.4
106.85,2693,106.3,9.4
106.9,2687,106.3,9.4
106.95,2671,106.3,9.4
107,2663,106.3,9.4
107.05,2659,106.3,9.4
107.1,2655,106.3,9.4
107.15,2647,106.3,9.4
107.2,2644,106.3,9.4
107.25,2643,106.3,9.4
107.3,2641,106.3,9.4
107.35,2642,106.3,9.4
107.4,2645,106.3,9.4
107.45,2646,106.3,9.4
107.5,2641,106.3,9.4
107.55,2635,106.3,9.4
107.6,2630,106.3,9.4
107.65,2632,106.3,9.4
107.7,2633,106.3,9.4
107.75,2631,106.3,9.4
107.8,2628,106.3,9.4
107.85,2628,106.3,9.4
107.9,2624,106.3,9.4
107.95,2627,106.3,9.4
108,2625,106.3,9.4
108.05,2625,106.3,9.4
108.1,2615,106.3,9.4
108.15,2613,106.3,9.4
108.2,2615,106.3,9.4
108.25,2617,106.3,9.4
108.3,2607,106.3,9.4
108.35,2586,106.3,9.4
108.4,2574,106.3,9.4
108.45,2563,106.3,9.4
108.5,2545,106.3,9.4
108.55,2541,106.3,9.4
108.6,2538,106.3,9.4
108.65,2532,106.3,9.4
108.7,2527,106.3,9.4
108.75,2527,106.3,9.4
108.8,2534,106.3,9.4
108.85,2539,106.3,9.4
108.9,2562,106.3,9.4
108.95,2574,106.3,9.4
109,2575,106.3,9.4
109.05,2572,106.3,9.4
109.1,2561,106.3,9.4
109.15,2544,106.3,9.4
109.2,2534,106.3,9.4
109.25,2523,106.3,9.4
109.3,2514,106.3,9.4
109.35,2509,106.3,9.4
109.4,2498,106.3,9.4
109.45,2495,106.3,9.4
109.5,2502,106.3,9.4
109.55,2496,106.3,9.4
109.6,2495,106.3,9.4
109.65,2491,106.3,9.4
109.7,2488,106.3,9.4
109.75,2485,106.3,9.4
109.8,2481,106.3,9.4
109.85,2471,106.3,9.4
109.9,2462,106.3,9.4
109.95,2468,106.3,9.4
110,2464,106.3,9.4
110.05,2449,106.3,9.4
110.1,2447,106.3,9.4
110.15,2439,106.3,9.4
110.2,2431,106.3,9.4
110.25,2424,106.3,9.4
110.3,2419,106.3,9.4
110.35,2415,106.3,9.4
110.4,2409,106.3,9.4
110.45,2404,106.3,9.4
110.5,2401,106.3,9.4
110.55,2397,106.3,9.4
110.6,2393,106.3,9.4
110.65,2389,106.3,9.4
110.7,2387,106.3,9.4
110.75,2386,106.3,9.4
110.8,2384,106.3,9.4
110.85,2382,106.3,9.4
110.9,2381,106.3,9.4
110.95,2379,106.3,9.4
111,2375,106.3,9.4
111.05,2375,106.3,9.4
111.1,2379,106.3,9.4
111.15,2389,106.3,9.4
111.2,2381,106.3,9.4
111.25,2375,106.3,9.4
111.3,2355,106.3,9.4
111.35,2343,106.3,9.4
111.4,2328,106.3,9.4
111.45,2319,106.3,9.4
111.5,2314,106.3,9.4
111.55,2308,106.3,9.4
111.6,2305,106.3,9.4
111.65,2298,106.3,9.4
111.7,2297,106.3,9.4
111.75,2292,106.3,9.4
111.8,2293,106.3,9.4
111.85,2291,106.3,9.4
111.9,2286,106.3,9.4
111.95,2288,106.3,9.4
112,2291,106.3,9.4
112.05,2294,106.3,9.4
112.1,2289,106.3,9.4
112.15,2282,106.3,9.4
112.2,2278,106.3,9.4
112.25,2269,106.3,9.4
112.3,2256,106.3,9.4
112.35,2247,106.3,9.4
112.4,2237,106.3,9.4
112.45,2228,106.3,9.4
112.5,2225,106.3,9.4
112.55,2229,106.3,9.4
112.6,2236,106.3,9.4
112.65,2242,106.3,9.4
112.7,2247,106.3,9.4
112.75,2242,106.3,9.4
112.8,2240,106.3,9.4
112.85,2238,106.3,9.4
112.9,2231,106.3,9.4
112.95,2229,106.3,9.4
113,2223,106.3,9.4
113.05,2219,106.3,9.4
113.1,2216,106.3,9.4
113.15,2209,106.3,9.4
113.2,2205,106.3,9.4
113.25,2195,106.3,9.4
113.3,2191,106.3,9.4
113.35,2188,106.2,9.4
113.4,2188,106.2,9.4
113.45,2178,106.2,9.4
113.5,2189,106.2,9.4
113.55,2177,106.2,9.4
113.6,2172,106.2,9.4
113.65,2168,106.2,9.4
113.7,2155,106.2,9.4
113.75,2154,106.2,9.4
113.8,2148,106.2,9.4
113.85,2147,106.2,9.4
113.9,2144,106.2,9.4
113.95,2141,106.2,9.4
114,2133,106.2,9.4
114.05,2130,106.2,9.4
114.1,2133,106.2,9.4
114.15,2126,106.2,9.4
114.2,2120,106.2,9.4
114.25,2120,106.2,9.4
114.3,2117,106.2,9.4
114.35,2110,106.2,9.4
114.4,2108,106.2,9.4
114.45,2101,106.2,9.4
114.5,2098,106.2,9.4
114.55,2097,106.2,9.4
114.6,2093,106.2,9.4
114.65,2087,106.2,9.4
114.7,2086,106.2,9.4
114.75,2084,106.2,9.4
114.8,2085,106.2,9.4
114.85,2079,106.2,9.4
114.9,2085,106.2,9.4
114.95,2071,106.2,9.4
115,2071,106.2,9.4
115.05,2067,106.2,9.4
115.1,2068,106.2,9.4
115.15,2073,106.2,9.4
115.2,2077,106.1,9.4
115.25,2073,106.1,9.4
115.3,2067,106.1,9.4
115.35,2066,106.1,9.4
115.4,2045,106.1,9.4
115.45,2035,106.1,9.4
115.5,2027,106.1,9.4
115.55,2018,106.1,9.4
115.6,2015,106.1,9.4
115.65,2014,106.1,9.4
115.7,1999,106.1,9.4
115.75,1998,106.1,9.4
115.8,1997,106.1,9.4
115.85,1989,106.1,9.4
115.9,1991,106.1,9.4
115.95,1984,106.1,9.4
116,1980,106.1,9.4
116.05,1981,106.1,9.4
116.1,1980,106.1,9.4
116.15,1980,106.1,9.4
116.2,1981,106.1,9.4
116.25,1978,106.0,9.4
116.3,1976,106.0,9.4
116.35,1975,106.1,9.4
116.4,1976,106.0,9.4
116.45,1973,106.0,9.4
116.5,1972,106.0,9.4
116.55,1974,106.0,9.4
116.6,1973,106.0,9.4
116.65,1966,106.0,9.4
116.7,1938,106.0,9.4
116.75,1925,106.0,9.4
116.8,1909,106.0,9.4
116.85,1904,106.0,9.4
116.9,1905,106.0,9.4
116.95,1897,106.0,9.4
117,1886,106.0,9.4
117.05,1880,106.0,9.4
117.1,1877,106.0,9.4
117.15,1870,106.0,9.4
117.2,1866,106.0,9.4
117.25,1863,106.0,9.4
117.3,1856,106.0,9.4
117.35,1847,106.0,9.4
117.4,1843,106.0,9.4
117.45,1839,106.0,9.4
117.5,1837,106.0,9.4
117.55,1835,106.0,9.4
117.6,1838,106.0,9.4
117.65,1837,106.0,9.4
117.7,1843,106.0,9.4
117.75,1843,106.0,9.4
117.8,1833,106.0,9.4
117.85,1827,106.0,9.4
117.9,1824,106.0,9.4
117.95,1823,106.0,9.4
118,1812,106.0,9.4
118.05,1809,106.0,9.4
118.1,1806,106.0,9.4
118.15,1799,106.0,9.4
118.2,1794,106.0,9.4
118.25,1796,106.0,9.4
118.3,1798,106.0,9.4
118.35,1797,106.0,9.4
118.4,1800,106.0,9.4
118.45,1799,106.0,9.4
118.5,1788,106.0,9.4
118.55,1808,106.0,9.4
118.6,1793,106.0,9.4
118.65,1770,106.0,9.4
118.7,1760,106.0,9.4
118.75,1746,106.0,9.4
118.8,1736,106.0,9.4
118.85,1729,106.0,9.4
118.9,1721,106.0,9.4
118.95,1723,105.9,9.4
119,1724,105.9,9.4
119.05,1727,105.9,9.4
119.1,1735,105.9,9.4
119.15,1731,105.9,9.4
119.2,1722,105.9,9.4
119.25,1723,105.9,9.4
119.3,1723,105.9,9.4
119.35,1728,105.9,9.4
119.4,1732,105.9,9.4
119.45,1737,105.9,9.4
119.5,1729,105.9,9.4
119.55,1724,105.9,9.4
119.6,1716,105.9,9.4
119.65,1700,105.9,9.4
119.7,1699,105.9,9.4
119.75,1693,105.9,9.4
119.8,1693,105.9,9.4
119.85,1684,105.9,9.4
119.9,1685,105.9,9.4
119.95,1679,105.9,9.4
120,1674,105.9,9.4
120.05,1676,105.9,9.4
120.1,1674,105.9,9.4
120.15,1666,105.9,9.4
120.2,1653,105.9,9.4
120.25,1636,105.9,9.4
120.3,1627,105.9,9.4
120.35,1620,105.9,9.4
120.4,1617,105.9,9.4
120.45,1614,105.9,9.4
120.5,1610,105.9,9.4
120.55,1604,105.9,9.4
120.6,1594,105.9,9.4
120.65,1590,105.9,9.4
120.7,1587,105.9,9.4
120.75,1584,105.9,9.4
120.8,1581,105.9,9.4
120.85,1579,105.9,9.4
120.9,1581,105.9,9.4
120.95,1583,105.9,9.4
121,1586,105.9,9.4
121.05,1586,105.9,9.4
121.1,1581,105.9,9.4
121.15,1575,105.9,9.4
121.2,1571,105.9,9.4
121.25,1559,105.9,9.4
121.3,1555,105.9,9.4
121.35,1552,105.9,9.4
121.4,1549,105.9,9.4
121.45,1541,105.9,9.4
121.5,1536,105.9,9.4
121.55,1533,105.9,9.4
121.6,1528,105.9,9.4
121.65,1525,105.9,9.4
121.7,1520,105.9,9.4
121.75,1514,105.9,9.4
121.8,1507,105.9,9.4
121.85,1502,105.9,9.4
121.9,1493,105.9,9.4
121.95,1485,105.9,9.4
122,1482,105.9,9.4
122.05,1478,105.9,9.4
122.1,1475,105.9,9.4
122.15,1471,105.9,9.4
122.2,1471,105.9,9.4
122.25,1470,105.9,9.4
122.3,1470,105.9,9.4
122.35,1468,105.9,9.4
122.4,1466,105.9,9.4
122.45,1468,105.9,9.4
122.5,1469,105.9,9.4
122.55,1465,105.9,9.4
122.6,1461,105.9,9.4
122.65,1461,105.9,9.4
122.7,1459,105.9,9.4
122.75,1456,105.9,9.4
122.8,1451,105.9,9.4
122.85,1450,105.9,9.4
122.9,1458,105.9,9.4
122.95,1458,105.9,9.4
123,1443,105.9,9.4
123.05,1451,105.9,9.4
123.1,1455,105.9,9.4
123.15,1453,105.9,9.4
123.2,1447,105.9,9.4
123.25,1432,105.9,9.4
123.3,1425,105.9,9.4
123.35,1415,105.9,9.4
123.4,1400,105.9,9.4
123.45,1393,105.9,9.4
123.5,1389,105.9,9.4
123.55,1379,105.9,9.4
123.6,1378,105.9,9.4
123.65,1369,105.9,9.4
123.7,1376,105.9,9.4
123.75,1366,105.9,9.4
123.8,1362,105.9,9.4
123.85,1360,105.9,9.4
123.9,1362,105.9,9.4
123.95,1362,105.9,9.4
124,1368,105.9,9.4
124.05,1366,105.9,9.4
124.1,1364,105.9,9.4
124.15,1372,105.9,9.4
124.2,1362,105.9,9.4
124.25,1362,105.9,9.4
124.3,1352,105.9,9.4
124.35,1358,105.9,9.4
124.4,1346,105.8,9.4
124.45,1355,105.9,9.4
124.5,1351,105.8,9.4
124.55,1352,105.8,9.4
124.6,1350,105.8,9.4
124.65,1339,105.9,9.4
124.7,1331,105.9,9.4
124.75,1325,105.8,9.4
124.8,1329,105.9,9.4
124.85,1322,105.9,9.4
124.9,1316,105.8,9.4
124.95,1306,105.8,9.4
125,1297,105.9,9.4
125.05,1284,105.9,9.4
125.1,1272,105.8,9.4
125.15,1271,105.8,9.4
125.2,1268,105.8,9.4
125.25,1271,105.8,9.4
125.3,1266,105.8,9.4
125.35,1266,105.8,9.4
125.4,1268,105.8,9.4
125.45,1264,105.8,9.4
125.5,1261,105.8,9.4
125.55,1259,105.8,9.4
125.6,1253,105.8,9.4
125.65,1250,105.8,9.4
125.7,1240,105.8,9.4
125.75,1237,105.8,9.4
125.8,1224,105.8,9.4
125.85,1219,105.7,9.4
125.9,1209,105.7,9.4
125.95,1200,105.7,9.4
126,1194,105.7,9.4
126.05,1191,105.7,9.4
126.1,1186,105.7,9.4
126.15,1179,105.7,9.4
126.2,1176,105.7,9.4
126.25,1172,105.7,9.4
126.3,1167,105.7,9.4
126.35,1163,105.7,9.4
126.4,1157,105.7,9.4
126.45,1152,105.7,9.4
126.5,1147,105.6,9.4
126.55,1141,105.6,9.4
126.6,1138,105.6,9.4
126.65,1136,105.6,9.4
126.7,1130,105.6,9.4
126.75,1129,105.6,9.4
126.8,1129,105.6,9.4
126.85,1135,105.6,9.4
126.9,1142,105.6,9.4
126.95,1147,105.6,9.4
127,1149,105.6,9.4
127.05,1146,105.6,9.4
127.1,1138,105.6,9.4
127.15,1134,105.6,9.4
127.2,1129,105.6,9.4
127.25,1119,105.6,9.4
127.3,1109,105.6,9.4
127.35,1104,105.6,9.4
127.4,1098,105.6,9.4
127.45,1094,105.6,9.4
127.5,1086,105.6,9.4
127.55,1083,105.6,9.4
127.6,1081,105.6,9.4
127.65,1081,105.5,9.4
127.7,1074,105.6,9.4
127.75,1071,105.5,9.4
127.8,1068,105.5,9.4
127.85,1059,105.5,9.4
127.9,1048,105.5,9.4
127.95,1042,105.5,9.4
128,1038,105.5,9.4
128.05,1039,105.5,9.4
128.1,1038,105.5,9.4
128.15,1035,105.5,9.4
128.2,1045,105.5,9.4
128.25,1038,105.5,9.4
128.3,1029,105.5,9.4
128.35,1025,105.5,9.4
128.4,1018,105.5,9.4
128.45,1022,105.5,9.4
128.5,1027,105.5,9.4
128.55,1018,105.5,9.4
128.6,1014,105.5,9.4
128.65,1010,105.5,9.4
128.7,1004,105.5,9.4
128.75,1001,105.5,9.4
128.8,998,105.5,9.4
128.85,993,105.5,9.4
128.9,1003,105.5,9.4
128.95,985,105.5,9.4
129,984,105.5,9.4
129.05,976,105.5,9.4
129.1,974,105.5,9.4
129.15,975,105.5,9.4
129.2,967,105.5,9.4
129.25,957,105.5,9.4
129.3,960,105.5,9.4
129.35,961,105.5,9.4
129.4,971,105.5,9.4
129.45,975,105.5,9.4
129.5,963,105.5,9.4
129.55,964,105.5,9.4
129.6,970,105.5,9.4
129.65,964,105.5,9.4
129.7,957,105.5,9.4
129.75,940,105.5,9.4
129.8,943,105.5,9.4
129.85,943,105.5,9.4
129.9,945,105.5,9.4
129.95,935,105.5,9.4
130,922,105.5,9.4
130.05,922,105.5,9.4
130.1,912,105.5,9.4
130.15,896,105.5,9.4
130.2,887,105.5,9.1
130.25,915,105.5,9.2
130.3,905,105.5,9.2
130.35,903,105.5,9.1
130.4,893,105.5,9.1
130.45,901,105.5,9.1
130.5,892,105.5,9.2
130.55,877,105.5,9.1
130.6,873,105.5,9.2
130.65,868,105.5,9.2
130.7,863,105.5,9.2
130.75,868,105.5,9.2
130.8,875,105.5,9.1
130.85,858,105.5,9.1
130.9,845,105.5,9.1
130.95,836,105.5,9.1
131,833,105.5,9.1
131.05,825,105.5,8.9
131.1,825,105.5,8.9
131.15,823,105.5,9.2
131.2,824,105.4,9.3
131.25,824,105.4,9.3
131.3,826,105.4,9.3
131.35,827,105.4,9.3
131.4,823,105.4,9.4
131.45,819,105.4,9.4
131.5,813,105.4,9.4
131.55,811,105.4,9.4
131.6,811,105.4,9.4
131.65,809,105.4,9.4
131.7,803,105.4,9.4
131.75,802,105.4,9.4
131.8,804,105.4,9.4
131.85,797,105.4,9.4
131.9,788,105.4,9.4
131.95,780,105.4,9.4
132,783,105.4,9.4
132.05,782,105.4,9.4
132.1,783,105.4,9.4
132.15,763,105.4,9.4
132.2,758,105.4,9.4
132.25,750,105.4,9.4
132.3,749,105.4,9.4
132.35,740,105.4,9.4
132.4,734,105.4,9.4
132.45,729,105.4,9.4
132.5,727,105.4,9.4
132.55,727,105.4,9.4
132.6,727,105.4,9.4
132.65,725,105.4,9.4
132.7,722,105.4,9.4
132.75,719,105.4,9.4
132.8,717,105.4,9.4
132.85,715,105.4,9.4
132.9,713,105.4,9.4
132.95,713,105.4,9.4
133,713,105.4,9.4
133.05,711,105.4,9.4
133.1,709,105.4,9.4
133.15,708,105.4,9.4
133.2,707,105.4,9.4
133.25,706,105.4,9.4
133.3,705,105.4,9.4
133.35,704,105.4,9.4
133.4,703,105.4,9.4
133.45,702,105.4,9.4
133.5,700,105.4,9.4
133.55,699,105.4,9.4
133.6,699,105.4,9.4
133.65,698,105.4,9.4
133.7,697,105.4,9.4
133.75,698,105.4,9.4
133.8,696,105.4,9.4
133.85,693,105.4,9.4
133.9,692,105.4,9.4
133.95,690,105.4,9.4
134,692,105.4,9.4
134.05,690,105.4,9.4
134.1,690,105.4,9.4
134.15,689,105.4,9.4
134.2,689,105.4,9.4
134.25,689,105.4,9.4
134.3,687,105.4,9.4
134.35,685,105.4,9.4
134.4,684,105.4,9.4
134.45,684,105.4,9.4
134.5,684,105.4,9.4
134.55,684,105.4,9.4
134.6,683,105.4,9.4
134.65,682,105.4,9.4
134.7,680,105.4,9.4
134.75,680,105.4,9.4
134.8,678,105.4,9.4
134.85,678,105.4,9.4
134.9,676,105.4,9.4
134.95,675,105.4,9.4
135,674,105.4,9.4
135.05,672,105.4,9.4
135.1,672,105.4,9.4
135.15,671,105.4,9.4
135.2,670,105.4,9.4
135.25,669,105.4,9.4
135.3,667,105.4,9.4
135.35,668,105.4,9.4
135.4,665,105.4,9.4
135.45,665,105.4,9.4
135.5,663,105.4,9.4
135.55,662,105.4,9.4
135.6,661,105.4,9.4
135.65,659,105.4,9.4
135.7,658,105.4,9.4
135.75,657,105.4,9.4
135.8,655,105.4,9.4
135.85,654,105.4,9.4
135.9,653,105.4,9.4
135.95,652,105.4,9.4
136,651,105.4,9.4
136.05,650,105.4,9.4
136.1,648,105.4,9.4
136.15,648,105.4,9.4
136.2,646,105.4,9.4
136.25,645,105.4,9.4
136.3,643,105.4,9.4
136.35,642,105.4,9.4
136.4,640,105.4,9.4
136.45,640,105.4,9.4
136.5,638,105.4,9.4
136.55,637,105.4,9.4
136.6,636,105.4,9.4
136.65,634,105.4,9.4
136.7,633,105.4,9.4
136.75,633,105.4,9.4
136.8,630,105.4,9.4
136.85,630,105.4,9.4
136.9,629,105.4,9.4
136.95,627,105.4,9.4
137,626,105.4,9.4
137.05,627,105.4,9.4
137.1,625,105.4,9.4
137.15,624,105.4,9.4
137.2,625,105.4,9.4
137.25,621,105.4,9.4
137.3,620,105.4,9.4
137.35,620,105.4,9.4
137.4,618,105.4,9.4
137.45,619,105.4,9.4
137.5,617,105.4,9.4
137.55,616,105.4,9.4
137.6,616,105.4,9.4
137.65,615,105.4,9.4
137.7,615,105.4,9.4
137.75,612,105.4,9.4
137.8,611,105.4,9.4
137.85,610,105.4,9.4
137.9,610,105.4,9.4
137.95,609,105.4,9.4
138,608,105.4,9.4
138.05,608,105.4,9.4
138.1,606,105.4,9.4
138.15,605,105.4,9.4
138.2,603,105.4,9.4
138.25,603,105.4,9.4
138.3,603,105.4,9.4
138.35,601,105.4,9.4
138.4,600,105.4,9.4
138.45,599,105.4,9.4
138.5,599,105.4,9.4
138.55,598,105.4,9.4
138.6,597,105.4,9.4
138.65,596,105.4,9.4
138.7,597,105.4,9.4
138.75,593,105.4,9.4
138.8,592,105.4,9.4
138.85,592,105.4,9.4
138.9,590,105.4,9.4
138.95,591,105.4,9.4
139,588,105.4,9.4
139.05,587,105.4,9.4
139.1,585,105.4,9.4
139.15,585,105.4,9.4
139.2,582,105.4,9.4
139.25,581,105.4,9.4
139.3,581,105.4,9.4
139.35,580,105.4,9.4
139.4,579,105.4,9.4
139.45,578,105.4,9.4
139.5,578,105.4,9.4
139.55,575,105.4,9.4
139.6,574,105.4,9.4
139.65,574,105.4,9.4
139.7,572,105.4,9.4
139.75,571,105.4,9.4
139.8,569,105.4,9.4
139.85,567,105.4,9.4
139.9,566,105.4,9.4
139.95,567,105.4,9.4
140,565,105.4,9.4
140.05,562,105.4,9.4
140.1,560,105.4,9.4
140.15,559,105.4,9.4
140.2,561,105.4,9.4
140.25,557,105.4,9.4
140.3,557,105.4,9.4
140.35,555,105.4,9.4
140.4,555,105.4,9.4
140.45,554,105.4,9.4
140.5,554,105.4,9.4
140.55,551,105.4,9.4
140.6,551,105.4,9.4
140.65,550,105.4,9.4
140.7,550,105.4,9.4
140.75,548,105.4,9.4
140.8,548,105.4,9.4
140.85,547,105.4,9.4
140.9,546,105.4,9.4
140.95,546,105.4,9.4
141,544,105.4,9.4
141.05,542,105.4,9.4
141.1,542,105.4,9.4
141.15,540,105.4,9.4
141.2,541,105.4,9.4
141.25,540,105.4,9.4
141.3,538,105.4,9.4
141.35,538,105.4,9.4
141.4,537,105.4,9.4
141.45,537,105.4,9.4
141.5,537,105.4,9.4
141.55,536,105.4,9.4
141.6,535,105.4,9.4
141.65,533,105.4,9.4
141.7,529,105.4,9.4
141.75,529,105.4,9.4
141.8,529,105.4,9.4
141.85,527,105.4,9.4
141.9,527,105.4,9.4
141.95,526,105.4,9.4
142,526,105.4,9.4
142.05,524,105.4,9.4
142.1,523,105.4,9.4
142.15,522,105.4,9.4
142.2,521,105.4,9.4
142.25,520,105.4,9.4
142.3,517,105.4,9.4
142.35,517,105.4,9.4
142.4,516,105.4,9.4
142.45,515,105.4,9.4
142.5,515,105.4,9.4
142.55,514,105.4,9.4
142.6,513,105.4,9.4
142.65,513,105.4,9.4
142.7,510,105.4,9.4
142.75,511,105.3,9.4
142.8,509,105.4,9.4
142.85,509,105.3,9.4
142.9,508,105.4,9.4
142.95,507,105.4,9.4
143,506,105.3,9.4
143.05,504,105.4,9.4
143.1,504,105.4,9.4
143.15,504,105.4,9.4
143.2,502,105.3,9.4
143.25,501,105.3,9.4
143.3,499,105.3,9.4
143.35,499,105.3,9.4
143.4,498,105.3,9.4
143.45,498,105.3,9.4
143.5,495,105.3,9.4
143.55,494,105.3,9.4
143.6,494,105.3,9.4
143.65,494,105.3,9.4
143.7,493,105.3,9.4
143.75,492,105.3,9.4
143.8,490,105.3,9.4
143.85,491,105.3,9.4
143.9,489,105.3,9.4
143.95,487,105.3,9.4
144,487,105.3,9.4
144.05,486,105.3,9.4
144.1,486,105.3,9.4
144.15,484,105.3,9.4
144.2,483,105.3,9.4
144.25,482,105.3,9.4
144.3,481,105.3,9.4
144.35,480,105.3,9.4
144.4,480,105.3,9.4
144.45,479,105.3,9.4
144.5,477,105.3,9.4
144.55,476,105.3,9.4
144.6,476,105.3,9.4
144.65,474,105.3,9.4
144.7,474,105.3,9.4
144.75,473,105.3,9.4
144.8,472,105.3,9.4
144.85,472,105.3,9.4
144.9,471,105.3,9.4
144.95,470,105.3,9.4
145,469,105.3,9.4
145.05,468,105.3,9.4
145.1,468,105.3,9.4
145.15,466,105.3,9.4
145.2,464,105.3,9.4
145.25,462,105.3,9.4
145.3,464,105.3,9.4
145.35,462,105.3,9.4
145.4,460,105.3,9.4
145.45,462,105.3,9.4
145.5,460,105.3,9.4
145.55,458,105.3,9.4
145.6,457,105.3,9.4
145.65,456,105.3,9.4
145.7,456,105.3,9.4
145.75,455,105.3,9.4
145.8,453,105.3,9.4
145.85,452,105.3,9.4
145.9,451,105.3,9.4
145.95,449,105.3,9.4
146,447,105.3,9.4
146.05,446,105.3,9.4
146.1,446,105.3,9.4
146.15,445,105.3,9.4
146.2,445,105.3,9.4
146.25,445,105.3,9.4
146.3,443,105.3,9.4
146.35,442,105.3,9.4
146.4,441,105.3,9.4
146.45,439,105.3,9.4
146.5,439,105.3,9.4
146.55,437,105.3,9.4
146.6,436,105.2,9.4
146.65,436,105.3,9.4
146.7,435,105.2,9.4
146.75,434,105.3,9.4
146.8,433,105.2,9.4
146.85,430,105.2,9.4
146.9,429,105.2,9.4
146.95,430,105.2,9.4
147,428,105.2,9.4
147.05,427,105.2,9.4
147.1,425,105.2,9.4
147.15,425,105.2,9.4
147.2,423,105.2,9.4
147.25,423,105.2,9.4
147.3,422,105.2,9.4
147.35,420,105.2,9.4
147.4,420,105.2,9.4
147.45,419,105.2,9.4
147.5,417,105.2,9.4
147.55,417,105.2,9.4
147.6,417,105.2,9.4
147.65,415,105.2,9.4
147.7,413,105.2,9.4
147.75,415,105.2,9.4
147.8,411,105.2,9.4
147.85,410,105.2,9.4
147.9,409,105.2,9.4
147.95,410,105.2,9.4
148,409,105.2,9.4
148.05,406,105.2,9.4
148.1,406,105.2,9.4
148.15,405,105.2,9.4
148.2,404,105.2,9.4
148.25,402,105.2,9.4
148.3,402,105.2,9.4
148.35,401,105.2,9.4
148.4,401,105.2,9.4
148.45,399,105.2,9.4
148.5,398,105.2,9.4
148.55,396,105.2,9.4
148.6,395,105.2,9.4
148.65,396,105.2,9.4
148.7,396,105.2,9.4
148.75,393,105.2,9.4
148.8,393,105.2,9.4
148.85,391,105.2,9.4
148.9,391,105.2,9.4
148.95,390,105.2,9.4
149,389,105.2,9.4
149.05,389,105.2,9.4
149.1,387,105.2,9.4
149.15,386,105.2,9.4
149.2,385,105.2,9.4
149.25,384,105.2,9.4
149.3,384,105.2,9.4
149.35,383,105.2,9.4
149.4,381,105.2,9.4
149.45,381,105.2,9.4
149.5,379,105.2,9.4
149.55,379,105.2,9.4
149.6,379,105.2,9.4
149.65,377,105.2,9.4
149.7,376,105.2,9.4
149.75,374,105.2,9.4
149.8,372,105.2,9.4
149.85,372,105.2,9.4
149.9,372,105.2,9.4
149.95,369,105.2,9.4
150,369,105.2,9.4
150.05,368,105.2,9.4
150.1,366,105.2,9.4
150.15,366,105.2,9.4
150.2,363,105.1,9.4
150.25,364,105.1,9.4
150.3,362,105.1,9.4
150.35,360,105.1,9.4
150.4,359,105.1,9.4
150.45,358,105.1,9.4
150.5,357,105.1,9.4
150.55,356,105.1,9.4
150.6,357,105.1,9.4
150.65,354,105.1,9.4
150.7,354,105.1,9.4
150.75,353,105.1,9.4
150.8,353,105.1,9.4
150.85,351,105.1,9.4
150.9,350,105.1,9.4
150.95,350,105.1,9.4
151,349,105.1,9.4
151.05,349,105.1,9.4
151.1,345,105.1,9.4
151.15,346,105.1,9.4
151.2,345,105.1,9.4
151.25,344,105.1,9.4
151.3,343,105.1,9.4
151.35,342,105.1,9.4
151.4,341,105.1,9.4
151.45,339,105.1,9.4
151.5,339,105.1,9.4
151.55,338,105.1,9.4
151.6,337,105.1,9.4
151.65,335,105.1,9.4
151.7,335,105.1,9.4
151.75,334,105.1,9.4
151.8,332,105.1,9.4
151.85,333,105.1,9.4
151.9,329,105.1,9.4
151.95,328,105.1,9.4
152,328,105.1,9.4
152.05,327,105.1,9.4
152.1,325,105.1,9.4
152.15,323,105.1,9.4
152.2,323,105.1,9.4
152.25,323,105.1,9.4
152.3,320,105.1,9.4
152.35,320,105.1,9.4
152.4,319,105.1,9.4
152.45,317,105.1,9.4
152.5,315,105.1,9.4
152.55,315,105.1,9.4
152.6,314,105.1,9.4
152.65,315,105.1,9.4
152.7,314,105.1,9.4
152.75,313,105.1,9.4
152.8,311,105.1,9.4
152.85,310,105.1,9.4
152.9,309,105.1,9.4
152.95,309,105.1,9.4
153,308,105.1,9.4
153.05,305,105.1,9.4
153.1,306,105.1,9.4
153.15,306,105.1,9.4
153.2,303,105.1,9.4
153.25,303,105.1,9.4
153.3,303,105.1,9.4
153.35,301,105.1,9.4
153.4,299,105.1,9.4
153.45,298,105.1,9.4
153.5,296,105.1,9.4
153.55,297,105.1,9.4
153.6,296,105.1,9.4
153.65,294,105.1,9.4
153.7,292,105.1,9.4
153.75,293,105.1,9.4
153.8,292,105.1,9.4
153.85,290,105.1,9.4
153.9,289,105.1,9.4
153.95,287,105.1,9.4
154,288,105.1,9.4
154.05,288,105.0,9.4
154.1,285,105.1,9.4
154.15,284,105.1,9.4
154.2,284,105.1,9.4
154.25,280,105.1,9.4
154.3,281,105.1,9.4
154.35,282,105.0,9.4
154.4,280,105.0,9.4
154.45,279,105.0,9.4
154.5,278,105.0,9.4
154.55,275,105.0,9.4
154.6,276,105.0,9.4
154.65,273,105.0,9.4
154.7,275,105.0,9.4
154.75,274,105.0,9.4
154.8,273,105.0,9.4
154.85,273,105.0,9.4
154.9,272,105.0,9.4
154.95,271,105.0,9.4
155,270,105.0,9.4
155.05,268,105.0,9.4
155.1,267,105.0,9.4
155.15,265,105.0,9.4
155.2,265,105.0,9.4
155.25,264,105.0,9.4
155.3,262,105.0,9.4
155.35,262,105.0,9.4
155.4,261,105.0,9.4
155.45,260,105.0,9.4
155.5,257,105.0,9.4
155.55,256,105.0,9.4
155.6,255,105.0,9.4
155.65,255,105.0,9.4
155.7,254,105.0,9.4
155.75,253,105.0,9.4
155.8,251,105.0,9.4
155.85,251,105.0,9.4
155.9,250,105.0,9.4
155.95,250,105.0,9.4
156,248,105.0,9.4
156.05,247,105.0,9.4
156.1,245,105.0,9.4
156.15,244,105.0,9.4
156.2,244,105.0,9.4
156.25,243,105.0,9.4
156.3,243,105.0,9.4
156.35,239,105.0,9.4
156.4,240,105.0,9.4
156.45,239,105.0,9.4
156.5,237,105.0,9.4
156.55,236,105.0,9.4
156.6,234,105.0,9.4
156.65,232,105.0,9.4
156.7,232,105.0,9.4
156.75,230,105.0,9.4
156.8,229,105.0,9.4
156.85,229,105.0,9.4
156.9,228,105.0,9.4
156.95,228,105.0,9.4
157,226,105.0,9.4
157.05,225,105.0,9.4
157.1,223,105.0,9.4
157.15,222,105.0,9.4
157.2,222,105.0,9.4
157.25,221,105.0,9.4
157.3,219,105.0,9.4
157.35,218,105.0,9.4
157.4,218,105.0,9.4
157.45,216,105.0,9.4
157.5,215,105.0,9.4
157.55,214,105.0,9.4
157.6,213,105.0,9.4
157.65,212,105.0,9.4
157.7,211,105.0,9.4
157.75,211,105.0,9.4
157.8,209,105.0,9.4
157.85,208,105.0,9.4
157.9,207,105.0,9.4
157.95,207,105.0,9.4
158,205,105.0,9.4
158.05,203,105.0,9.4
158.1,203,105.0,9.4
158.15,202,105.0,9.4
158.2,201,105.0,9.4
158.25,200,105.0,9.4
158.3,199,105.0,9.4
158.35,198,105.0,9.4
158.4,197,105.0,9.4
158.45,196,105.0,9.4
158.5,195,105.0,9.4
158.55,194,105.0,9.4
158.6,193,105.0,9.4
158.65,192,105.0,9.4
158.7,191,105.0,9.4
158.75,189,105.0,9.4
158.8,189,105.0,9.4
158.85,187,105.0,9.4
158.9,186,105.0,9.4
158.95,185,105.0,9.4
159,184,105.0,9.4
159.05,183,105.0,9.4
159.1,182,105.0,9.4
159.15,182,105.0,9.4
159.2,181,105.0,9.4
159.25,179,105.0,9.4
159.3,179,105.0,9.4
159.35,177,105.0,9.4
159.4,175,105.0,9.4
159.45,176,105.0,9.4
159.5,175,105.0,9.4
159.55,174,105.0,9.4
159.6,173,105.0,9.4
159.65,171,105.0,9.4
159.7,170,105.0,9.4
159.75,169,105.0,9.4
159.8,169,105.0,9.4
159.85,168,105.0,9.4
159.9,167,105.0,9.4
159.95,166,105.0,9.4
160,166,105.0,9.4
160.05,163,105.0,9.4
160.1,164,105.0,9.4
160.15,163,105.0,9.4
160.2,162,105.0,9.4
160.25,161,105.0,9.4
160.3,160,105.0,9.4
160.35,159,105.0,9.4
160.4,158,105.0,9.4
160.45,158,105.0,9.4
160.5,157,105.0,9.4
160.55,156,105.0,9.4
160.6,155,105.0,9.4
160.65,155,105.0,9.4
160.7,153,105.0,9.4
160.75,152,105.0,9.4
160.8,151,105.0,9.4
160.85,150,105.0,9.4
160.9,149,105.0,9.4
160.95,148,105.0,9.4
161,147,105.0,9.4
161.05,147,104.9,9.4
161.1,145,105.0,9.4
161.15,146,104.9,9.4
161.2,144,104.9,9.4
161.25,144,104.9,9.4
161.3,144,104.9,9.4
161.35,142,104.9,9.4
161.4,142,104.9,9.4
161.45,140,104.9,9.4
161.5,140,104.9,9.4
161.55,138,104.9,9.4
161.6,137,104.9,9.4
161.65,137,104.9,9.4
161.7,135,104.9,9.4
161.75,134,104.9,9.4
161.8,133,104.9,9.4
161.85,133,104.9,9.4
161.9,131,104.9,9.4
161.95,131,104.9,9.4
162,129,104.9,9.4
162.05,128,104.9,9.4
162.1,127,104.9,9.4
162.15,127,104.9,9.4
162.2,126,104.9,9.4
162.25,125,104.9,9.4
162.3,123,104.9,9.4
162.35,123,104.9,9.4
162.4,123,104.9,9.4
162.45,121,104.9,9.4
162.5,120,104.9,9.4
162.55,120,104.9,9.4
162.6,120,104.9,9.4
162.65,119,104.9,9.4
162.7,118,104.9,9.4
162.75,117,104.9,9.4
162.8,117,104.9,9.4
162.85,115,104.9,9.4
162.9,114,104.9,9.4
162.95,114,104.9,9.4
163,111,104.9,9.4
163.05,111,104.9,9.4
163.1,110,104.9,9.4
163.15,110,104.9,9.4
163.2,109,104.9,9.4
163.25,107,104.9,9.4
163.3,107,104.9,9.4
163.35,106,104.9,9.4
163.4,104,104.9,9.4
163.45,104,104.9,9.4
163.5,102,104.9,9.4
163.55,102,104.9,9.4
163.6,102,104.9,9.4
163.65,100,104.9,9.4
163.7,100,104.9,9.4
163.75,99,104.9,9.4
163.8,99,104.9,9.4
163.85,97,104.9,9.4
163.9,97,104.9,9.4
163.95,95,104.9,9.4
164,94,104.9,9.4
164.05,94,104.9,9.4
164.1,94,104.9,9.4
164.15,93,104.9,9.4
164.2,92,104.9,9.4
164.25,92,104.9,9.4
164.3,91,104.9,9.4
164.35,90,104.9,9.4
164.4,90,104.9,9.4
164.45,89,104.9,9.4
164.5,88,104.9,9.4
164.55,87,104.9,9.4
164.6,88,104.9,9.4
164.65,88,104.9,9.4
164.7,86,104.9,9.4
164.75,86,104.9,9.4
164.8,85,104.9,9.4
164.85,84,104.9,9.4
164.9,84,104.9,9.4
164.95,84,104.9,9.4
165,83,104.9,9.4
165.05,83,104.9,9.4
165.1,83,104.9,9.4
165.15,82,104.9,9.4
165.2,81,104.9,9.4
165.25,80,104.9,9.4
165.3,79,104.9,9.4
165.35,80,104.9,9.4
165.4,80,104.9,9.4
165.45,79,104.9,9.4
165.5,77,104.9,9.4
165.55,79,104.9,9.4
165.6,77,104.9,9.4
165.65,76,104.9,9.4
165.7,75,104.9,9.4
165.75,76,104.9,9.4
165.8,76,104.9,9.4
165.85,75,104.9,9.4
165.9,75,104.9,9.4
165.95,74,104.9,9.4
166,74,104.9,9.4
166.05,75,104.9,9.4
166.1,74,104.8,9.4
166.15,74,104.8,9.4
166.2,74,104.9,9.4
166.25,74,104.9,9.4
166.3,74,104.8,9.4
166.35,74,104.8,9.4
166.4,71,104.8,9.4
166.45,71,104.8,9.4
166.5,71,104.8,9.4
166.55,70,104.8,9.4
166.6,70,104.8,9.4
166.65,69,104.8,9.4
166.7,69,104.8,9.4
166.75,69,104.8,9.4
166.8,69,104.8,9.4
166.85,68,104.8,9.4
166.9,68,104.8,9.4
166.95,69,104.8,9.4
167,68,104.8,9.4
167.05,68,104.8,9.4
167.1,69,104.8,9.4
167.15,70,104.8,9.4
167.2,68,104.8,9.4
167.25,68,104.8,9.4
167.3,68,104.8,9.4
167.35,69,104.8,9.4
167.4,69,104.8,9.4
167.45,69,104.8,9.4
167.5,68,104.8,9.4
167.55,68,104.8,9.4
167.6,69,104.8,9.4
167.65,70,104.8,9.4
167.7,68,104.8,9.4
167.75,68,104.8,9.4
167.8,69,104.8,9.4
167.85,69,104.8,9.4
167.9,68,104.8,9.4
167.95,69,104.8,9.4
168,68,104.8,9.4
168.05,68,104.8,9.4
168.1,68,104.8,9.4
168.15,68,104.8,9.4
168.2,69,104.8,9.4
168.25,69,104.8,9.4
168.3,68,104.8,9.4
168.35,67,104.8,9.4
168.4,68,104.8,9.4
168.45,68,104.8,9.4
168.5,68,104.8,9.4
168.55,68,104.8,9.4
168.6,69,104.8,9.4
168.65,68,104.8,9.4
168.7,69,104.8,9.4
168.75,67,104.8,9.4
168.8,68,104.8,9.4
168.85,68,104.8,9.4
168.9,67,104.8,9.4
168.95,68,104.8,9.4
169,67,104.8,9.4
169.05,68,104.8,9.4
169.1,68,104.8,9.4
169.15,68,104.8,9.4
169.2,68,104.8,9.4
169.25,68,104.8,9.4
169.3,68,104.8,9.4
169.35,69,104.8,9.4
169.4,68,104.8,9.4
169.45,69,104.8,9.4
169.5,68,104.8,9.4
169.55,68,104.8,9.4
169.6,68,104.8,9.4
169.65,68,104.8,9.4
169.7,68,104.8,9.4
169.75,69,104.8,9.4
169.8,68,104.8,9.4
169.85,68,104.8,9.4
169.9,68,104.8,9.4
169.95,68,104.8,9.4
170,68,104.8,9.4
170.05,68,104.8,9.4
170.1,68,104.8,9.4
170.15,68,104.8,9.4
170.2,68,104.8,9.4
170.25,69,104.8,9.4
170.3,68,104.8,9.4
170.35,68,104.8,9.4
170.4,68,104.8,9.4
170.45,69,104.8,9.4
170.5,68,104.8,9.4
170.55,69,104.8,9.4
170.6,68,104.8,9.4
170.65,68,104.8,9.4
170.7,69,104.8,9.4
170.75,69,104.8,9.4
170.8,69,104.8,9.4
170.85,68,104.8,9.4
170.9,69,104.8,9.4
170.95,68,104.8,9.4
171,70,104.8,9.4
171.05,68,104.8,9.4
171.1,68,104.8,9.4
171.15,68,104.8,9.4
171.2,68,104.8,9.4
171.25,68,104.8,9.4
171.3,70,104.8,9.4
171.35,67,104.8,9.4
171.4,69,104.8,9.4
171.45,68,104.8,9.4
171.5,69,104.8,9.4
171.55,69,104.8,9.4
171.6,69,104.7,9.4
171.65,68,104.8,9.4
171.7,69,104.7,9.4
171.75,69,104.8,9.4
171.8,69,104.8,9.4
171.85,68,104.8,9.4
171.9,69,104.7,9.4
171.95,68,104.8,9.4
172,68,104.8,9.4
172.05,68,104.8,9.4
172.1,69,104.7,9.4
172.15,68,104.7,9.4
172.2,68,104.7,9.4
172.25,68,104.7,9.4
172.3,69,104.7,9.4
172.35,70,104.7,9.4
172.4,69,104.7,9.4
172.45,68,104.7,9.4
172.5,68,104.8,9.4
172.55,68,104.7,9.4
172.6,69,104.7,9.4
172.65,69,104.7,9.4
172.7,68,104.7,9.4
172.75,69,104.7,9.4
172.8,69,104.7,9.4
172.85,68,104.7,9.4
172.9,69,104.7,9.4
172.95,70,104.7,9.4
173,69,104.7,9.4
173.05,69,104.7,9.4
173.1,70,104.7,9.4
173.15,68,104.7,9.4
173.2,68,104.7,9.4
173.25,69,104.7,9.4
173.3,69,104.7,9.4
173.35,69,104.7,9.4
173.4,69,104.7,9.4
173.45,69,104.7,9.4
173.5,68,104.7,9.4
173.55,68,104.7,9.4
173.6,68,104.7,9.4
173.65,69,104.7,9.4
173.7,68,104.7,9.4
173.75,68,104.7,9.4
173.8,68,104.7,9.4
173.85,67,104.7,9.4
173.9,68,104.7,9.4
173.95,68,104.7,9.4
174,68,104.7,9.4
174.05,69,104.7,9.4
174.1,68,104.7,9.4
174.15,68,104.7,9.4
174.2,303,104.7,9.4
174.25,68,104.7,9.4
174.3,68,104.7,9.4
174.35,68,104.7,9.4
174.4,69,104.7,9.4
174.45,68,104.7,9.4
174.5,68,104.7,9.4
174.55,68,104.7,9.4
174.6,68,104.7,9.4
174.65,68,104.7,9.4
174.7,68,104.7,9.4
174.75,69,104.7,9.4
174.8,69,104.7,9.4
174.85,69,104.7,9.4
174.9,69,104.7,9.4
174.95,68,104.7,9.4
175,69,104.7,9.4
175.05,67,104.7,9.4
175.1,69,104.7,9.4
175.15,69,104.7,9.4
175.2,68,104.7,9.4
175.25,68,104.7,9.4
175.3,69,104.7,9.4
175.35,68,104.7,9.4
175.4,68,104.7,9.4
175.45,68,104.7,9.4
175.5,69,104.7,9.4
175.55,68,104.7,9.4
175.6,69,104.7,9.4
175.65,69,104.7,9.4
175.7,68,104.7,9.4
175.75,69,104.7,9.4
175.8,68,104.7,9.4
175.85,69,104.7,9.4
175.9,68,104.7,9.4
175.95,68,104.7,9.4
